"YEAR","MONTH_NUM","ANSP_NAME","FLT_1","DIST_KM_1","DUR_MIN_1","DLY_FLT_1","DLY_FLT_15_1","DLY_1","DLY_15_1","APT_DLY_FLT_1","APT_DLY_FLT_15_1","APT_DLY_1","APT_DLY_15_1","ERT_DLY_FLT_1","ERT_DLY_FLT_15_1","ERT_DLY_1","ERT_DLY_15_1","ERT_DLY_A_1","ERT_DLY_C_1","ERT_DLY_D_1","ERT_DLY_E_1","ERT_DLY_G_1","ERT_DLY_I_1","ERT_DLY_M_1","ERT_DLY_N_1","ERT_DLY_O_1","ERT_DLY_P_1","ERT_DLY_R_1","ERT_DLY_S_1","ERT_DLY_T_1","ERT_DLY_V_1","ERT_DLY_W_1","ERT_DLY_NA_1"
2014,1,"DSNA",189824,99055060.808,8511400,4360,2565,105137,89409,1014,643,25611,22362,3346,1922,79526,67047,0,22081,0,0,1065,50843,157,0,153,0,0,2220,2925,0,82,0
2014,1,"Avinor (Continental)",48575,15680435.816,1793511,1181,842,30648,27753,1181,842,30648,27753,0,0,0,0,0,0,0,0,0,0,0,0,0,0,0,0,0,0,0,0
2014,1,"LFV",52436,21194325.04,1920366,146,86,3397,2897,146,86,3397,2897,0,0,0,0,0,0,0,0,0,0,0,0,0,0,0,0,0,0,0,0
2014,1,"ROMATSA",33563,15878859.096,1226710,,,,,,,,,,,,,,,,,,,,,,,,,,,,
2014,1,"ENAIRE",107316,60210653.504,5184458,1568,743,25363,18136,122,59,2186,1608,1446,684,23177,16528,0,22295,0,0,0,0,0,0,578,0,0,0,0,0,304,0
2014,1,"DFS",192070,60107548.96,5629519,2070,1023,35662,26722,1196,673,22101,17529,874,350,13561,9193,0,1853,0,0,0,0,0,0,53,0,0,2897,8417,0,341,0
2014,1,"DHMI",78935,55281264.74,4617960,1150,547,19974,14631,75,38,2775,2456,1075,509,17199,12175,0,0,0,0,0,0,0,0,17199,0,0,0,0,0,0,0
2014,1,"DCAC Cyprus",20229,7601419.176,598925,2857,1603,56231,44998,0,0,0,0,2857,1603,56231,44998,0,5882,0,0,0,0,0,269,0,32334,0,17746,0,0,0,0
2014,1,"SMATSA",28543,8298661.988,656304,,,,,,,,,,,,,,,,,,,,,,,,,,,,
2014,1,"MATS",8194,3873637.644,317568,,,,,,,,,,,,,,,,,,,,,,,,,,,,
2014,1,"LPS",26878,5208759.26,399185,10,2,111,41,0,0,0,0,10,2,111,41,0,0,0,0,0,111,0,0,0,0,0,0,0,0,0,0
2014,1,"NAV Portugal (Santa Maria)",9999,16589208.512,1111673,,,,,,,,,,,,,,,,,,,,,,,,,,,,
2014,1,"NATS (Continental)",154071,56646951.764,5657246,940,578,29527,26346,838,538,28055,25425,102,40,1472,921,0,1472,0,0,0,0,0,0,0,0,0,0,0,0,0,0
2014,1,"NAVIAIR",47535,10480117.972,956202,89,53,1662,1321,89,53,1662,1321,0,0,0,0,0,0,0,0,0,0,0,0,0,0,0,0,0,0,0,0
2014,1,"HungaroControl",39374,9774618.944,774089,26,13,456,342,2,2,41,41,24,11,415,301,0,0,0,0,0,415,0,0,0,0,0,0,0,0,0,0
2014,1,"Croatia Control",26694,7958251.424,617793,66,27,973,625,5,5,166,166,61,22,807,459,0,807,0,0,0,0,0,0,0,0,0,0,0,0,0,0
2014,1,"NAV Portugal (Continental)",34739,18201935.668,1452735,1504,830,28446,22474,157,105,3748,3304,1347,725,24698,19170,0,22745,0,0,0,1953,0,0,0,0,0,0,0,0,0,0
2014,1,"ANS CR",45558,11733144.132,951433,,,,,,,,,,,,,,,,,,,,,,,,,,,,
2014,1,"Oro Navigacija",15582,2584556.748,222573,,,,,,,,,,,,,,,,,,,,,,,,,,,,
2014,1,"Belgocontrol",38382,3679459.148,452572,207,96,3201,2242,205,96,3185,2242,2,0,16,0,0,0,0,0,0,0,0,0,0,0,0,16,0,0,0,0
2014,1,"Finavia",17659,5205146.008,515567,15,6,218,125,15,6,218,125,0,0,0,0,0,0,0,0,0,0,0,0,0,0,0,0,0,0,0,0
2014,1,"LVNL",40835,4989889.9,680962,877,281,10679,5772,667,228,8335,4616,210,53,2344,1156,0,2344,0,0,0,0,0,0,0,0,0,0,0,0,0,0
2014,1,"UkSATSE",36999,23042237.676,1802699,18,12,375,319,18,12,375,319,0,0,0,0,0,0,0,0,0,0,0,0,0,0,0,0,0,0,0,0
2014,1,"Slovenia Control",13978,1882680.232,155168,,,,,,,,,,,,,,,,,,,,,,,,,,,,
2014,1,"MUAC",118749,34893611.636,2583513,12,2,118,50,0,0,0,0,12,2,118,50,0,0,0,0,0,0,0,0,0,0,0,0,0,0,118,0
2014,1,"Skyguide",80567,13703835.108,1327013,1601,661,25297,17355,1496,612,23507,16055,105,49,1790,1300,0,1539,0,0,0,0,0,0,0,0,0,179,0,0,72,0
2014,1,"HCAA",31640,18111243.228,1469622,1,0,11,0,1,0,11,0,0,0,0,0,0,0,0,0,0,0,0,0,0,0,0,0,0,0,0,0
2014,1,"PANSA",47735,20771557.888,1706437,2738,1153,40487,26774,21,4,219,69,2717,1149,40268,26705,0,2738,0,0,0,0,0,0,1195,34431,0,1904,0,0,0,0
2014,1,"EANS",13612,3611759.288,290839,8,1,84,20,0,0,0,0,8,1,84,20,0,84,0,0,0,0,0,0,0,0,0,0,0,0,0,0
2014,1,"BULATSA",31337,8489199.452,651291,,,,,,,,,,,,,,,,,,,,,,,,,,,,
2014,1,"SAKAERONAVIGATSIA",9334,3513519.948,264245,,,,,,,,,,,,,,,,,,,,,,,,,,,,
2014,1,"IAA",35621,13781798.752,1072465,0,0,0,0,0,0,0,0,0,0,0,0,0,0,0,0,0,0,0,0,0,0,0,0,0,0,0,0
2014,1,"ARMATS",4658,940380.78,73672,,,,,,,,,,,,,,,,,,,,,,,,,,,,
2014,1,"ENAV",97761,44265526.144,3885258,429,290,11976,10761,372,245,9238,8154,57,45,2738,2607,0,0,0,0,0,2738,0,0,0,0,0,0,0,0,0,0
2014,1,"LGS",17746,4314661.812,353835,,,,,,,,,,,,,,,,,,,,,,,,,,,,
2014,1,"M-NAV",5031,602222.248,48843,,,,,,,,,,,,,,,,,,,,,,,,,,,,
2014,1,"Austro Control",57737,12310453.276,1106284,556,322,11262,9209,501,300,10481,8716,55,22,781,493,0,0,0,0,0,781,0,0,0,0,0,0,0,0,0,0
2014,1,"Albcontrol",11229,1780560.952,136478,,,,,,,,,,,,,,,,,,,,,,,,,,,,
2014,1,"MoldATSA",5261,993772.088,77639,,,,,,,,,,,,,,,,,,,,,,,,,,,,
2014,2,"Albcontrol",9788,1559878.484,118814,,,,,,,,,,,,,,,,,,,,,,,,,,,,
2014,2,"Finavia",16889,4976912.936,499196,325,205,6576,5508,325,205,6576,5508,0,0,0,0,0,0,0,0,0,0,0,0,0,0,0,0,0,0,0,0
2014,2,"HCAA",29028,16449886.256,1332177,1,0,7,0,1,0,7,0,0,0,0,0,0,0,0,0,0,0,0,0,0,0,0,0,0,0,0,0
2014,2,"MoldATSA",4854,902464.784,70614,,,,,,,,,,,,,,,,,,,,,,,,,,,,
2014,2,"DSNA",181447,95008903.808,8169040,2910,1479,58488,46103,509,232,10650,8314,2401,1247,47838,37789,0,35809,0,0,433,0,178,0,331,0,0,287,8131,0,2669,0
2014,2,"SMATSA",25903,7615236.948,594205,1,0,9,0,0,0,0,0,1,0,9,0,0,0,0,0,0,0,9,0,0,0,0,0,0,0,0,0
2014,2,"NAV Portugal (Santa Maria)",8865,14566655.98,985534,,,,,,,,,,,,,,,,,,,,,,,,,,,,
2014,2,"Oro Navigacija",14012,2262375.42,194446,,,,,,,,,,,,,,,,,,,,,,,,,,,,
2014,2,"UkSATSE",32328,20121254.016,1581248,,,,,,,,,,,,,,,,,,,,,,,,,,,,
2014,2,"Croatia Control",23845,7106101.776,550647,49,10,534,223,0,0,0,0,49,10,534,223,0,534,0,0,0,0,0,0,0,0,0,0,0,0,0,0
2014,2,"NAVIAIR",45166,9965408.28,918905,1,0,2,0,1,0,2,0,0,0,0,0,0,0,0,0,0,0,0,0,0,0,0,0,0,0,0,0
2014,2,"LGS",15493,3734426.508,305656,,,,,,,,,,,,,,,,,,,,,,,,,,,,
2014,2,"HungaroControl",36171,8877591.632,699022,,,,,,,,,,,,,,,,,,,,,,,,,,,,
2014,2,"M-NAV",4458,533976.048,43521,,,,,,,,,,,,,,,,,,,,,,,,,,,,
2014,2,"ROMATSA",31642,14924375.336,1154275,,,,,,,,,,,,,,,,,,,,,,,,,,,,
2014,2,"ENAV",89786,40234633.328,3534532,63,29,1060,748,63,29,1060,748,0,0,0,0,0,0,0,0,0,0,0,0,0,0,0,0,0,0,0,0
2014,2,"Slovenia Control",12639,1692778.004,139821,,,,,,,,,,,,,,,,,,,,,,,,,,,,
2014,2,"Austro Control",52750,11133192.436,1000449,97,61,3063,2738,97,61,3063,2738,0,0,0,0,0,0,0,0,0,0,0,0,0,0,0,0,0,0,0,0
2014,2,"Skyguide",76459,13011587.14,1254400,1552,632,23734,15972,1369,543,20291,13322,183,89,3443,2650,0,3443,0,0,0,0,0,0,0,0,0,0,0,0,0,0
2014,2,"LPS",23806,4278825.612,330282,,,,,,,,,,,,,,,,,,,,,,,,,,,,
2014,2,"Belgocontrol",36742,3538377.492,443007,213,113,3822,2941,213,113,3822,2941,0,0,0,0,0,0,0,0,0,0,0,0,0,0,0,0,0,0,0,0
2014,2,"DCAC Cyprus",18282,6868588.332,545568,2997,1743,63768,53077,0,0,0,0,2997,1743,63768,53077,0,18472,0,0,0,0,16,0,3811,6564,372,26948,7585,0,0,0
2014,2,"Avinor (Continental)",45287,14712626.916,1691408,328,159,5285,3809,328,159,5285,3809,0,0,0,0,0,0,0,0,0,0,0,0,0,0,0,0,0,0,0,0
2014,2,"ENAIRE",100712,55417755.288,4817091,669,349,11824,8993,102,58,2289,1939,567,291,9535,7054,0,7670,0,0,0,0,0,0,0,0,0,0,0,0,1865,0
2014,2,"ANS CR",42139,10762423.888,867270,,,,,,,,,,,,,,,,,,,,,,,,,,,,
2014,2,"SAKAERONAVIGATSIA",8180,3070641.928,229808,,,,,,,,,,,,,,,,,,,,,,,,,,,,
2014,2,"MUAC",112448,32755336.884,2426553,607,174,7235,3809,0,0,0,0,607,174,7235,3809,0,798,0,0,0,0,0,0,4791,1466,0,180,0,0,0,0
2014,2,"NATS (Continental)",146983,53511380.568,5429651,2553,1759,73565,66499,2348,1619,68898,62431,205,140,4667,4068,0,4667,0,0,0,0,0,0,0,0,0,0,0,0,0,0
2014,2,"ARMATS",4065,810746.336,63621,,,,,,,,,,,,,,,,,,,,,,,,,,,,
2014,2,"BULATSA",29237,7940357.4,602516,,,,,,,,,,,,,,,,,,,,,,,,,,,,
2014,2,"DHMI",73032,50978715.008,4218476,1487,828,41573,35789,578,438,27841,26595,909,390,13732,9194,0,140,0,0,0,0,0,0,13592,0,0,0,0,0,0,0
2014,2,"DFS",183921,57484407.644,5474922,1216,523,18116,12482,596,322,10285,7916,620,201,7831,4566,0,4000,0,0,0,0,0,0,0,0,0,3831,0,0,0,0
2014,2,"IAA",32751,12790187.948,1000625,28,16,638,508,28,16,638,508,0,0,0,0,0,0,0,0,0,0,0,0,0,0,0,0,0,0,0,0
2014,2,"LVNL",38981,4751046.72,668124,1092,412,14527,8779,928,361,12546,7665,164,51,1981,1114,0,1799,0,0,182,0,0,0,0,0,0,0,0,0,0,0
2014,2,"NAV Portugal (Continental)",32354,16944186.908,1354042,676,319,10669,7495,49,18,630,396,627,301,10039,7099,0,9963,0,0,0,0,0,0,0,0,0,0,76,0,0,0
2014,2,"LFV",50031,20153778.84,1856041,65,34,1239,976,65,34,1239,976,0,0,0,0,0,0,0,0,0,0,0,0,0,0,0,0,0,0,0,0
2014,2,"EANS",12125,3178063.484,262754,,,,,,,,,,,,,,,,,,,,,,,,,,,,
2014,2,"MATS",7624,3705751.992,291733,,,,,,,,,,,,,,,,,,,,,,,,,,,,
2014,2,"PANSA",44217,19280534.912,1593144,857,370,12411,8185,0,0,0,0,857,370,12411,8185,0,2344,0,0,0,0,0,0,285,7269,0,2513,0,0,0,0
2014,3,"Oro Navigacija",16444,2685024.044,233563,,,,,,,,,,,,,,,,,,,,,,,,,,,,
2014,3,"HCAA",34325,19573721.328,1575578,46,23,777,587,0,0,0,0,46,23,777,587,0,0,0,0,0,0,0,0,0,0,0,0,777,0,0,0
2014,3,"LGS",17903,4210336.8,345579,,,,,,,,,,,,,,,,,,,,,,,,,,,,
2014,3,"NAV Portugal (Santa Maria)",9870,15954957.776,1087794,,,,,,,,,,,,,,,,,,,,,,,,,,,,
2014,3,"Austro Control",61631,12957119.82,1137502,275,169,6848,5871,275,169,6848,5871,0,0,0,0,0,0,0,0,0,0,0,0,0,0,0,0,0,0,0,0
2014,3,"Belgocontrol",43887,4213835.228,522079,457,243,9819,8043,457,243,9819,8043,0,0,0,0,0,0,0,0,0,0,0,0,0,0,0,0,0,0,0,0
2014,3,"DCAC Cyprus",21615,8142021.68,637403,3093,1712,59244,47517,0,0,0,0,3093,1712,59244,47517,0,33104,0,0,0,0,8022,0,0,205,0,17913,0,0,0,0
2014,3,"DFS",212915,66632391.276,6330507,1476,584,21493,13991,666,344,11796,8814,810,240,9697,5177,0,5109,0,0,254,0,120,0,308,1472,0,2012,0,0,422,0
2014,3,"DSNA",211514,110528861.972,9463152,7444,4355,180978,154081,580,324,14860,12720,6864,4031,166118,141361,0,45788,0,0,0,106916,705,0,2006,0,0,10426,14,0,263,0
2014,3,"EANS",14167,3685524.448,303497,11,8,213,184,0,0,0,0,11,8,213,184,0,213,0,0,0,0,0,0,0,0,0,0,0,0,0,0
2014,3,"PANSA",51850,22715907.868,1869238,1208,559,18889,13321,0,0,0,0,1208,559,18889,13321,0,1225,0,0,0,0,0,0,1517,13990,0,2157,0,0,0,0
2014,3,"LVNL",45267,5500308.508,729715,1719,697,24171,15299,1514,606,20866,12853,205,91,3305,2446,0,1468,0,0,0,0,0,0,0,1837,0,0,0,0,0,0
2014,3,"NAVIAIR",52006,11357245.544,1044985,20,8,258,174,20,8,258,174,0,0,0,0,0,0,0,0,0,0,0,0,0,0,0,0,0,0,0,0
2014,3,"UkSATSE",32746,20445029.916,1591876,14,9,252,209,14,9,252,209,0,0,0,0,0,0,0,0,0,0,0,0,0,0,0,0,0,0,0,0
2014,3,"SMATSA",30819,9086063.864,708883,,,,,,,,,,,,,,,,,,,,,,,,,,,,
2014,3,"BULATSA",34720,9492729.728,716301,,,,,,,,,,,,,,,,,,,,,,,,,,,,
2014,3,"IAA",40296,16314230.96,1261347,,,,,,,,,,,,,,,,,,,,,,,,,,,,
2014,3,"ENAIRE",118947,65112164.112,5613383,1251,547,19095,12937,80,31,1060,626,1171,516,18035,12311,0,12636,0,0,0,0,331,0,2285,0,0,0,0,0,2783,0
2014,3,"ANS CR",50299,12630960.396,1022336,,,,,,,,,,,,,,,,,,,,,,,,,,,,
2014,3,"NATS (Continental)",167295,60492014.9,5990674,1033,664,30537,27257,1033,664,30537,27257,0,0,0,0,0,0,0,0,0,0,0,0,0,0,0,0,0,0,0,0
2014,3,"ROMATSA",36251,16991972.212,1315020,,,,,,,,,,,,,,,,,,,,,,,,,,,,
2014,3,"Avinor (Continental)",52464,17250370.66,1963340,274,128,4046,2828,193,99,3014,2213,81,29,1032,615,0,1032,0,0,0,0,0,0,0,0,0,0,0,0,0,0
2014,3,"NAV Portugal (Continental)",37953,19850645.332,1574118,252,123,4316,3203,102,60,2188,1804,150,63,2128,1399,0,2128,0,0,0,0,0,0,0,0,0,0,0,0,0,0
2014,3,"MoldATSA",4882,951726.132,74775,,,,,,,,,,,,,,,,,,,,,,,,,,,,
2014,3,"SAKAERONAVIGATSIA",9372,3508906.616,262019,,,,,,,,,,,,,,,,,,,,,,,,,,,,
2014,3,"DHMI",84599,59624630.7,4912233,776,335,11633,7875,47,17,656,408,729,318,10977,7467,0,0,0,0,0,0,0,0,10977,0,0,0,0,0,0,0
2014,3,"HungaroControl",41798,10177267.82,798531,,,,,,,,,,,,,,,,,,,,,,,,,,,,
2014,3,"M-NAV",5346,643427.396,52347,,,,,,,,,,,,,,,,,,,,,,,,,,,,
2014,3,"Skyguide",89563,15449398.816,1481771,2553,906,34226,20039,2256,772,29446,16632,297,134,4780,3407,0,3229,0,0,0,0,0,0,0,0,0,1551,0,0,0,0
2014,3,"Albcontrol",11609,1880631.92,143362,,,,,,,,,,,,,,,,,,,,,,,,,,,,
2014,3,"ENAV",106278,48087055.916,4196676,217,131,5114,4486,217,131,5114,4486,0,0,0,0,0,0,0,0,0,0,0,0,0,0,0,0,0,0,0,0
2014,3,"LPS",27501,4879545.888,378635,,,,,,,,,,,,,,,,,,,,,,,,,,,,
2014,3,"MUAC",128870,37481196.404,2765473,237,61,2745,1261,0,0,0,0,237,61,2745,1261,0,964,0,0,0,0,699,0,0,0,0,1082,0,0,0,0
2014,3,"Slovenia Control",15037,2005477.092,170357,,,,,,,,,,,,,,,,,,,,,,,,,,,,
2014,3,"Croatia Control",28346,8523807.776,662753,8,1,78,23,0,0,0,0,8,1,78,23,0,0,0,78,0,0,0,0,0,0,0,0,0,0,0,0
2014,3,"ARMATS",4542,899351.572,70143,,,,,,,,,,,,,,,,,,,,,,,,,,,,
2014,3,"Finavia",19560,5851636.612,587886,50,28,857,682,50,28,857,682,0,0,0,0,0,0,0,0,0,0,0,0,0,0,0,0,0,0,0,0
2014,3,"LFV",58503,23618150.412,2176478,180,95,3182,2460,171,94,3111,2444,9,1,71,16,0,0,0,0,0,0,0,0,0,0,0,0,71,0,0,0
2014,3,"MATS",8981,4387541.716,351356,,,,,,,,,,,,,,,,,,,,,,,,,,,,
2014,4,"EANS",14932,3851909.98,306914,15,5,188,96,0,0,0,0,15,5,188,96,0,188,0,0,0,0,0,0,0,0,0,0,0,0,0,0
2014,4,"LPS",30967,5345935.048,410977,,,,,,,,,,,,,,,,,,,,,,,,,,,,
2014,4,"M-NAV",8900,1130208.928,88285,,,,,,,,,,,,,,,,,,,,,,,,,,,,
2014,4,"MATS",9304,4333387.384,364715,,,,,,,,,,,,,,,,,,,,,,,,,,,,
2014,4,"Finavia",19216,5600946.188,561892,,,,,,,,,,,,,,,,,,,,,,,,,,,,
2014,4,"NAVIAIR",52169,11377726.812,1030988,,,,,,,,,,,,,,,,,,,,,,,,,,,,
2014,4,"Albcontrol",14169,2340070.524,176671,,,,,,,,,,,,,,,,,,,,,,,,,,,,
2014,4,"ROMATSA",44104,18679901.68,1438385,,,,,,,,,,,,,,,,,,,,,,,,,,,,
2014,4,"Croatia Control",37257,11362733.02,877639,33,6,357,124,0,0,0,0,33,6,357,124,0,357,0,0,0,0,0,0,0,0,0,0,0,0,0,0
2014,4,"PANSA",54533,23785500.836,1944648,2171,974,33208,22838,16,7,249,169,2155,967,32959,22669,0,1603,0,0,0,0,0,0,38,26182,0,5136,0,0,0,0
2014,4,"Slovenia Control",20198,2650156.44,216023,,,,,,,,,,,,,,,,,,,,,,,,,,,,
2014,4,"ANS CR",54232,13571720.836,1091368,33,15,531,359,33,15,531,359,0,0,0,0,0,0,0,0,0,0,0,0,0,0,0,0,0,0,0,0
2014,4,"Austro Control",69337,14681461.46,1254990,784,386,12541,8722,784,386,12541,8722,0,0,0,0,0,0,0,0,0,0,0,0,0,0,0,0,0,0,0,0
2014,4,"DSNA",240785,129156702.08,10864513,5322,2222,80827,54275,1034,447,17854,12734,4288,1775,62973,41541,0,41738,0,0,0,0,1726,0,5680,0,0,931,10891,0,2007,0
2014,4,"LFV",57695,23066998.916,2084002,59,26,987,694,28,8,392,185,31,18,595,509,0,0,0,0,0,0,0,0,0,341,0,4,0,0,250,0
2014,4,"MoldATSA",3870,633267.324,54729,,,,,,,,,,,,,,,,,,,,,,,,,,,,
2014,4,"LVNL",47195,5775774.988,748963,1857,1007,39056,31861,1529,848,33900,28054,328,159,5156,3807,0,2332,0,0,207,0,0,0,0,0,0,0,0,0,2617,0
2014,4,"UkSATSE",26351,16745239.512,1311691,4,0,34,0,4,0,34,0,0,0,0,0,0,0,0,0,0,0,0,0,0,0,0,0,0,0,0,0
2014,4,"DHMI",95827,68161413.588,5582183,483,268,8778,6947,141,81,2488,1961,342,187,6290,4986,0,0,0,0,0,0,0,0,6290,0,0,0,0,0,0,0
2014,4,"IAA",44651,17982897.776,1389553,26,16,476,408,26,16,476,408,0,0,0,0,0,0,0,0,0,0,0,0,0,0,0,0,0,0,0,0
2014,4,"Belgocontrol",47505,4463092.204,541816,429,270,8963,7630,429,270,8963,7630,0,0,0,0,0,0,0,0,0,0,0,0,0,0,0,0,0,0,0,0
2014,4,"NAV Portugal (Continental)",41352,21203540.592,1705133,485,221,8354,6097,189,103,3711,3056,296,118,4643,3041,0,4643,0,0,0,0,0,0,0,0,0,0,0,0,0,0
2014,4,"BULATSA",50698,13215079.344,982205,,,,,,,,,,,,,,,,,,,,,,,,,,,,
2014,4,"HCAA",45738,24578067.94,1988375,29,17,515,447,29,17,515,447,0,0,0,0,0,0,0,0,0,0,0,0,0,0,0,0,0,0,0,0
2014,4,"NAV Portugal (Santa Maria)",10463,16225992.42,1098233,,,,,,,,,,,,,,,,,,,,,,,,,,,,
2014,4,"ENAIRE",141090,74663150.352,6446458,1341,791,35734,31058,486,333,18210,16909,855,458,17524,14149,0,11813,0,0,0,0,0,0,0,0,0,0,0,0,5711,0
2014,4,"DCAC Cyprus",24611,9276343.9,713001,5818,3581,130203,110810,48,41,1141,1069,5770,3540,129062,109741,0,102147,0,0,0,0,404,0,0,0,0,25259,1252,0,0,0
2014,4,"HungaroControl",50523,12045796.92,936678,,,,,,,,,,,,,,,,,,,,,,,,,,,,
2014,4,"SAKAERONAVIGATSIA",8441,2873200.208,216342,,,,,,,,,,,,,,,,,,,,,,,,,,,,
2014,4,"SMATSA",38372,11197914.28,865002,,,,,,,,,,,,,,,,,,,,,,,,,,,,
2014,4,"LGS",19193,4353594.556,357420,,,,,,,,,,,,,,,,,,,,,,,,,,,,
2014,4,"DFS",224251,71055563.62,6601743,2811,1581,55568,45002,990,638,23945,20951,1821,943,31623,24051,0,2947,0,0,603,0,0,0,500,4819,0,1755,54,0,20945,0
2014,4,"ARMATS",4130,820941.596,64250,,,,,,,,,,,,,,,,,,,,,,,,,,,,
2014,4,"ENAV",126673,57072763.604,4919095,146,103,4038,3669,146,103,4038,3669,0,0,0,0,0,0,0,0,0,0,0,0,0,0,0,0,0,0,0,0
2014,4,"MUAC",137323,39472826.092,2898214,2603,854,33492,18456,0,0,0,0,2603,854,33492,18456,0,13407,0,0,0,0,16721,0,0,0,0,0,0,0,3364,0
2014,4,"Skyguide",95875,17050382.44,1579374,2435,964,34754,21937,2140,838,30210,18777,295,126,4544,3160,0,3806,0,0,0,0,0,0,0,137,0,0,0,0,601,0
2014,4,"Oro Navigacija",17895,2940470.404,259490,,,,,,,,,,,,,,,,,,,,,,,,,,,,
2014,4,"Avinor (Continental)",50732,16259543.252,1821733,174,69,2402,1569,129,61,1947,1385,45,8,455,184,0,431,0,0,0,0,0,0,0,0,0,24,0,0,0,0
2014,4,"NATS (Continental)",181014,64313870.624,6358076,1705,1100,50931,45676,1622,1069,49873,45082,83,31,1058,594,0,716,0,0,0,0,0,0,0,0,0,0,0,0,342,0
2014,5,"LFV",62686,25222660.244,2254726,112,31,1428,768,16,2,154,45,96,29,1274,723,0,0,0,0,0,0,741,0,0,0,0,0,28,0,505,0
2014,5,"SAKAERONAVIGATSIA",8508,2815125.192,214404,,,,,,,,,,,,,,,,,,,,,,,,,,,,
2014,5,"NAVIAIR",56106,12152994.384,1103981,69,45,1333,1136,67,45,1318,1136,2,0,15,0,0,0,0,0,0,0,0,0,0,0,0,0,0,0,15,0
2014,5,"PANSA",61457,26858552.216,2176421,4218,1988,66906,47232,63,32,994,714,4155,1956,65912,46518,0,4174,0,0,0,0,0,0,3431,38591,0,17700,0,0,2016,0
2014,5,"Belgocontrol",51407,4864203.92,595884,622,397,12428,10497,622,397,12428,10497,0,0,0,0,0,0,0,0,0,0,0,0,0,0,0,0,0,0,0,0
2014,5,"ENAIRE",154306,78630514.012,6809763,2396,878,34492,21696,494,214,7691,5290,1902,664,26801,16406,0,18514,0,0,0,0,0,0,2424,306,0,0,0,0,5557,0
2014,5,"Austro Control",81497,17332386.48,1461419,888,439,15156,11166,805,389,13425,9778,83,50,1731,1388,0,567,0,0,0,0,0,0,0,0,0,0,0,0,1164,0
2014,5,"Skyguide",106380,19297784.44,1765349,3453,1629,53365,37627,2991,1448,46920,33521,462,181,6445,4106,0,4622,0,0,0,0,0,0,0,0,0,360,0,0,1463,0
2014,5,"SMATSA",51288,15056865.564,1149831,32,9,379,187,7,3,93,57,25,6,286,130,0,286,0,0,0,0,0,0,0,0,0,0,0,0,0,0
2014,5,"LGS",21888,4934307.676,401750,,,,,,,,,,,,,,,,,,,,,,,,,,,,
2014,5,"ENAV",142042,65367177.104,5586429,445,312,11432,10328,444,311,11403,10299,1,1,29,29,0,29,0,0,0,0,0,0,0,0,0,0,0,0,0,0
2014,5,"M-NAV",14364,1876746.424,142894,,,,,,,,,,,,,,,,,,,,,,,,,,,,
2014,5,"ARMATS",4187,798699.076,66155,,,,,,,,,,,,,,,,,,,,,,,,,,,,
2014,5,"Finavia",20604,5745483.676,579968,,,,,,,,,,,,,,,,,,,,,,,,,,,,
2014,5,"UkSATSE",31604,19971212.384,1544862,1,1,298,298,1,1,298,298,0,0,0,0,0,0,0,0,0,0,0,0,0,0,0,0,0,0,0,0
2014,5,"MUAC",153312,43697838.14,3208431,2986,1212,46009,31092,0,0,0,0,2986,1212,46009,31092,0,24800,0,0,0,0,0,0,14315,0,0,0,0,0,6894,0
2014,5,"HungaroControl",61387,14263926.208,1101080,,,,,,,,,,,,,,,,,,,,,,,,,,,,
2014,5,"NAV Portugal (Continental)",41208,20489574.22,1665584,391,170,6215,4501,391,170,6215,4501,0,0,0,0,0,0,0,0,0,0,0,0,0,0,0,0,0,0,0,0
2014,5,"LVNL",51169,6281178.38,817903,2258,1219,45698,37017,1726,979,38047,31614,532,240,7651,5403,0,7308,0,0,0,0,0,0,0,0,0,0,0,0,343,0
2014,5,"Croatia Control",49803,15402007.988,1191772,203,94,2936,2016,2,2,49,49,201,92,2887,1967,0,1739,0,0,0,0,0,0,0,0,0,704,15,0,429,0
2014,5,"DHMI",110779,77553840.848,6349680,916,679,34274,32108,839,650,33113,31372,77,29,1161,736,0,268,0,0,0,0,0,0,893,0,0,0,0,0,0,0
2014,5,"ROMATSA",53591,21750428.784,1670469,,,,,,,,,,,,,,,,,,,,,,,,,,,,
2014,5,"MATS",9709,4307429.752,361282,,,,,,,,,,,,,,,,,,,,,,,,,,,,
2014,5,"IAA",50156,20421528.036,1583143,,,,,,,,,,,,,,,,,,,,,,,,,,,,
2014,5,"DCAC Cyprus",26737,9960191.196,773080,1395,722,24597,18927,31,20,676,590,1364,702,23921,18337,0,19122,0,0,0,0,3433,0,0,0,0,1254,112,0,0,0
2014,5,"ANS CR",62112,15451219.332,1240374,120,50,1796,1176,85,37,1317,876,35,13,479,300,0,17,0,0,0,0,0,0,0,0,0,0,0,0,462,0
2014,5,"Oro Navigacija",20080,3384642.972,290812,,,,,,,,,,,,,,,,,,,,,,,,,,,,
2014,5,"LPS",37553,6339777.512,484934,22,13,342,277,0,0,0,0,22,13,342,277,0,342,0,0,0,0,0,0,0,0,0,0,0,0,0,0
2014,5,"EANS",17020,4316493.44,344242,19,6,217,108,0,0,0,0,19,6,217,108,0,217,0,0,0,0,0,0,0,0,0,0,0,0,0,0
2014,5,"Avinor (Continental)",54839,17608117.796,1958309,745,395,15151,12070,537,308,11947,9932,208,87,3204,2138,0,2067,0,0,0,0,0,0,0,382,0,755,0,0,0,0
2014,5,"DSNA",264979,143096265.304,11962121,11602,5824,269333,219635,1404,715,31692,26073,10198,5109,237641,193562,0,89993,0,154,88,110958,2487,79,1632,192,0,1287,22993,0,7778,0
2014,5,"HCAA",62856,32454518.376,2625693,1516,838,29032,22985,681,385,13619,10986,835,453,15413,11999,0,6280,0,0,0,0,0,0,0,0,0,9133,0,0,0,0
2014,5,"NATS (Continental)",202798,72231933.648,7084019,2264,1286,51353,43221,1830,1049,42999,36600,434,237,8354,6621,0,2868,0,0,0,0,0,0,4684,0,0,0,0,0,802,0
2014,5,"MoldATSA",5284,858783.512,71631,,,,,,,,,,,,,,,,,,,,,,,,,,,,
2014,5,"BULATSA",64195,16216923.176,1205261,,,,,,,,,,,,,,,,,,,,,,,,,,,,
2014,5,"Albcontrol",18518,3125720.408,234776,,,,,,,,,,,,,,,,,,,,,,,,,,,,
2014,5,"NAV Portugal (Santa Maria)",10382,15973290.724,1090654,,,,,,,,,,,,,,,,,,,,,,,,,,,,
2014,5,"Slovenia Control",26460,3560844.104,285977,46,20,777,535,0,0,0,0,46,20,777,535,0,777,0,0,0,0,0,0,0,0,0,0,0,0,0,0
2014,5,"DFS",254006,81626740.728,7518453,7847,3997,138405,105284,2875,1726,56760,46681,4972,2271,81645,58603,0,13491,0,5688,0,0,2259,17,6563,21517,0,14116,0,0,17994,0
2014,6,"DHMI",117519,81912254.308,6667277,3609,2137,77653,64871,3130,1872,68947,58156,479,265,8706,6715,0,336,0,0,0,0,0,145,8225,0,0,0,0,0,0,0
2014,6,"Albcontrol",20615,3553136.08,267192,,,,,,,,,,,,,,,,,,,,,,,,,,,,
2014,6,"SMATSA",58710,17443458.328,1336990,21,9,353,243,0,0,0,0,21,9,353,243,0,353,0,0,0,0,0,0,0,0,0,0,0,0,0,0
2014,6,"BULATSA",74280,18339861.516,1387272,,,,,,,,,,,,,,,,,,,,,,,,,,,,
2014,6,"DCAC Cyprus",28019,10399255.948,803184,777,414,14321,11080,28,22,692,637,749,392,13629,10443,0,10496,0,0,0,0,0,0,0,0,0,3133,0,0,0,0
2014,6,"NAV Portugal (Continental)",40493,19983854.136,1613013,184,84,2847,2033,116,45,1640,1065,68,39,1207,968,0,186,0,0,0,0,0,0,0,0,0,1021,0,0,0,0
2014,6,"M-NAV",17394,2290999.932,173581,,,,,,,,,,,,,,,,,,,,,,,,,,,,
2014,6,"Skyguide",110164,20039464.14,1837164,5678,2694,91536,65364,4397,2149,71329,51559,1281,545,20207,13805,0,10628,0,0,0,0,0,0,0,0,0,1778,451,0,7350,0
2014,6,"Avinor (Continental)",56156,18171509.16,1983293,978,537,17241,13413,822,490,15282,12415,156,47,1959,998,0,1959,0,0,0,0,0,0,0,0,0,0,0,0,0,0
2014,6,"ANS CR",66289,16250990.716,1305829,396,153,5871,3729,194,73,2856,1749,202,80,3015,1980,0,1973,0,0,0,0,925,0,0,0,0,117,0,0,0,0
2014,6,"Belgocontrol",52328,5010326.72,605568,808,491,19311,16559,653,369,12592,10130,155,122,6719,6429,0,3509,0,0,0,3210,0,0,0,0,0,0,0,0,0,0
2014,6,"LVNL",50780,6331437.956,814951,1861,779,27088,18046,1291,509,18227,11547,570,270,8861,6499,0,6340,0,0,546,0,0,0,0,0,0,0,0,0,1975,0
2014,6,"NAVIAIR",57815,12580293.38,1139222,58,18,705,399,58,18,705,399,0,0,0,0,0,0,0,0,0,0,0,0,0,0,0,0,0,0,0,0
2014,6,"PANSA",66803,28994802.732,2356545,6698,3205,108963,78604,71,44,1243,1005,6627,3161,107720,77599,0,91215,0,0,0,0,1050,0,0,0,0,15081,0,0,374,0
2014,6,"IAA",52752,21944660.988,1687317,,,,,,,,,,,,,,,,,,,,,,,,,,,,
2014,6,"LPS",43499,7222383.3,549369,261,153,4850,3897,0,0,0,0,261,153,4850,3897,0,938,0,0,0,0,0,0,0,0,0,0,2386,0,1526,0
2014,6,"MATS",10129,4569059.94,382116,,,,,,,,,,,,,,,,,,,,,,,,,,,,
2014,6,"NAV Portugal (Santa Maria)",10355,15998368.656,1097594,,,,,,,,,,,,,,,,,,,,,,,,,,,,
2014,6,"UkSATSE",36331,23332336.808,1777604,,,,,,,,,,,,,,,,,,,,,,,,,,,,
2014,6,"LFV",64047,25778056.524,2286908,815,479,18441,15764,504,310,12760,11164,311,169,5681,4600,0,537,0,0,0,0,175,0,0,0,0,0,1450,0,3519,0
2014,6,"MoldATSA",6626,1064946.3,86680,,,,,,,,,,,,,,,,,,,,,,,,,,,,
2014,6,"LGS",22754,5111362.58,415012,,,,,,,,,,,,,,,,,,,,,,,,,,,,
2014,6,"EANS",17462,4433525.024,350893,67,18,829,385,0,0,0,0,67,18,829,385,0,802,0,0,0,0,27,0,0,0,0,0,0,0,0,0
2014,6,"MUAC",154890,44491747.944,3249489,6987,2841,109240,75215,0,0,0,0,6987,2841,109240,75215,0,58626,0,0,0,0,0,0,29940,0,0,0,0,0,20674,0
2014,6,"ENAIRE",160472,81053378.196,7028870,4762,2231,86984,65387,1090,457,16992,11635,3672,1774,69992,53752,0,35664,0,0,0,0,0,0,20311,66,0,645,0,0,13306,0
2014,6,"Austro Control",87370,18602699.208,1567126,433,231,8033,6243,422,224,7786,6023,11,7,247,220,0,33,0,0,0,0,0,0,0,0,0,0,0,0,214,0
2014,6,"Finavia",19784,5467891.1,546824,33,17,599,460,33,17,599,460,0,0,0,0,0,0,0,0,0,0,0,0,0,0,0,0,0,0,0,0
2014,6,"ROMATSA",62621,25153951.044,1927023,,,,,,,,,,,,,,,,,,,,,,,,,,,,
2014,6,"ENAV",155184,72184761.356,6137045,633,422,15507,13581,633,422,15507,13581,0,0,0,0,0,0,0,0,0,0,0,0,0,0,0,0,0,0,0,0
2014,6,"Slovenia Control",29031,3903680.788,315046,,,,,,,,,,,,,,,,,,,,,,,,,,,,
2014,6,"DFS",258482,82978871.112,7566815,9363,4644,164710,124810,1878,1089,38132,31235,7485,3555,126578,93575,0,31328,0,0,499,0,0,0,30026,12026,0,16214,420,0,36065,0
2014,6,"ARMATS",4485,829716.372,69120,,,,,,,,,,,,,,,,,,,,,,,,,,,,
2014,6,"SAKAERONAVIGATSIA",8841,2858237.9,216451,,,,,,,,,,,,,,,,,,,,,,,,,,,,
2014,6,"HCAA",75467,37945583.552,3065817,3089,1991,69648,59966,1725,1170,43246,38359,1364,821,26402,21607,0,9541,0,0,0,0,0,0,0,0,0,16861,0,0,0,0
2014,6,"DSNA",274991,147950353.6,12343492,16959,10321,578683,521178,1461,903,37631,32824,15498,9418,541052,488354,0,113805,0,0,0,381877,3572,0,651,40,0,876,17035,0,23196,0
2014,6,"NATS (Continental)",207586,74424481.26,7197290,3251,1614,56496,42663,1483,702,25718,19451,1768,912,30778,23212,0,19915,0,0,0,0,1081,0,3919,0,0,0,0,1479,4384,0
2014,6,"HungaroControl",70560,16169800.888,1246499,,,,,,,,,,,,,,,,,,,,,,,,,,,,
2014,6,"Croatia Control",56006,17298761.568,1352311,554,251,8447,5797,8,7,264,257,546,244,8183,5540,0,5008,0,0,0,0,0,0,0,0,0,600,25,0,2550,0
2014,6,"Oro Navigacija",20789,3615550.332,306013,,,,,,,,,,,,,,,,,,,,,,,,,,,,
2014,7,"DHMI",126406,89149281.372,7146043,3078,1636,56688,44114,2107,1095,37374,28613,971,541,19314,15501,0,9259,0,0,0,0,0,0,10055,0,0,0,0,0,0,0
2014,7,"MUAC",159415,45698846.356,3320588,3149,1467,52983,38840,0,0,0,0,3149,1467,52983,38840,0,18310,0,0,0,0,138,0,0,0,0,108,0,0,34427,0
2014,7,"ANS CR",71378,17352930.716,1380022,446,201,6937,4795,233,117,3975,2933,213,84,2962,1862,0,1693,0,0,0,0,0,0,0,0,0,0,0,0,1269,0
2014,7,"Skyguide",115025,21199536.568,1928310,5804,2870,98978,73828,4055,2048,69975,52759,1749,822,29003,21069,0,14032,0,0,0,0,0,0,0,0,0,5095,0,0,9876,0
2014,7,"BULATSA",82490,20504740.248,1533919,,,,,,,,,,,,,,,,,,,,,,,,,,,,
2014,7,"MoldATSA",6081,955381.98,79321,,,,,,,,,,,,,,,,,,,,,,,,,,,,
2014,7,"ROMATSA",68881,28443145.64,2150741,,,,,,,,,,,,,,,,,,,,,,,,,,,,
2014,7,"Slovenia Control",32926,4426600.396,352874,,,,,,,,,,,,,,,,,,,,,,,,,,,,
2014,7,"Oro Navigacija",22428,3876002.648,322023,,,,,,,,,,,,,,,,,,,,,,,,,,,,
2014,7,"Belgocontrol",54209,5180869.992,619087,513,225,8151,5659,458,204,7367,5177,55,21,784,482,0,0,0,0,0,0,0,0,0,0,0,0,103,0,681,0
2014,7,"LPS",51461,8169825.756,618942,873,370,13109,8902,0,0,0,0,873,370,13109,8902,0,10836,0,0,0,0,0,0,0,0,0,1548,0,0,725,0
2014,7,"LGS",24007,5359908.388,436396,,,,,,,,,,,,,,,,,,,,,,,,,,,,
2014,7,"ENAV",171083,80227660.292,6765774,520,438,21070,20386,520,438,21070,20386,0,0,0,0,0,0,0,0,0,0,0,0,0,0,0,0,0,0,0,0
2014,7,"PANSA",72387,31623596.352,2543292,8695,4431,148356,110769,230,120,3938,2935,8465,4311,144418,107834,0,91964,0,0,0,0,0,0,0,0,758,17879,0,0,33817,0
2014,7,"ENAIRE",178069,90112271.368,7769817,7414,3619,145914,112935,1899,885,31229,22267,5515,2734,114685,90668,0,73386,0,0,553,0,0,0,0,0,0,0,0,187,40559,0
2014,7,"HCAA",87696,43803159.528,3504257,4992,3111,110903,94026,2609,1737,64400,56698,2383,1374,46503,37328,0,23456,0,0,445,0,0,0,0,0,0,21830,772,0,0,0
2014,7,"NAVIAIR",57990,12751257.056,1132871,,,,,,,,,,,,,,,,,,,,,,,,,,,,
2014,7,"Croatia Control",64000,19575564.068,1522359,1745,932,35089,27985,0,0,0,0,1745,932,35089,27985,0,3685,0,0,0,0,0,0,0,0,0,54,15337,0,16013,0
2014,7,"Avinor (Continental)",53785,17513915.816,1899239,214,128,4306,3587,171,118,3876,3399,43,10,430,188,0,175,0,0,0,0,0,0,0,0,0,255,0,0,0,0
2014,7,"HungaroControl",83789,18870026.148,1436087,33,22,764,652,0,0,0,0,33,22,764,652,0,764,0,0,0,0,0,0,0,0,0,0,0,0,0,0
2014,7,"Finavia",17819,4779943.476,464480,98,53,1830,1408,98,53,1830,1408,0,0,0,0,0,0,0,0,0,0,0,0,0,0,0,0,0,0,0,0
2014,7,"SMATSA",66505,19810316.18,1505152,16,6,238,130,0,0,0,0,16,6,238,130,0,0,0,0,0,0,0,0,0,0,0,0,0,0,238,0
2014,7,"MATS",9435,4268206.244,361845,,,,,,,,,,,,,,,,,,,,,,,,,,,,
2014,7,"DFS",268494,87015499.572,7893851,12919,7305,275549,226736,3331,2164,91187,80911,9588,5141,184362,145825,0,21870,0,0,0,0,128,0,0,755,0,11908,635,0,149066,0
2014,7,"IAA",53105,21671344.68,1659015,34,30,1018,992,34,30,1018,992,0,0,0,0,0,0,0,0,0,0,0,0,0,0,0,0,0,0,0,0
2014,7,"SAKAERONAVIGATSIA",10128,3410335.768,248330,,,,,,,,,,,,,,,,,,,,,,,,,,,,
2014,7,"LVNL",52665,6613973.52,839973,2302,1206,53331,44107,1526,807,40706,34339,776,399,12625,9768,0,6850,0,0,446,0,0,0,0,0,0,0,0,0,5329,0
2014,7,"NAV Portugal (Santa Maria)",12855,19444573.96,1326640,,,,,,,,,,,,,,,,,,,,,,,,,,,,
2014,7,"Austro Control",96096,20601581.328,1738875,965,613,20768,17604,738,466,15162,12672,227,147,5606,4932,0,550,0,0,0,0,0,0,0,0,0,0,0,0,5056,0
2014,7,"LFV",59750,24405270.784,2094683,78,48,1643,1376,7,3,131,101,71,45,1512,1275,0,0,0,0,0,0,0,0,66,0,0,0,0,0,1446,0
2014,7,"UkSATSE",31020,18634944.38,1442688,24,20,703,661,24,20,703,661,0,0,0,0,0,0,0,0,0,0,0,0,0,0,0,0,0,0,0,0
2014,7,"NAV Portugal (Continental)",45736,22414007.792,1801566,1193,661,26671,22125,432,290,13478,12377,761,371,13193,9748,0,11972,0,0,0,0,0,0,0,0,0,0,1221,0,0,0
2014,7,"M-NAV",20376,2684166.568,201369,,,,,,,,,,,,,,,,,,,,,,,,,,,,
2014,7,"DCAC Cyprus",29341,10795126.504,838811,2704,1679,65281,56230,8,6,155,139,2696,1673,65126,56091,0,15247,0,0,0,0,47787,0,0,0,0,2092,0,0,0,0
2014,7,"NATS (Continental)",216583,78071808.208,7505546,4651,2874,111204,96002,2933,1886,76807,68060,1718,988,34397,27942,0,8162,0,0,0,0,0,0,0,0,0,4418,0,0,21817,0
2014,7,"ARMATS",4666,842145.144,69889,,,,,,,,,,,,,,,,,,,,,,,,,,,,
2014,7,"EANS",18505,4682667.176,369591,65,27,945,610,0,0,0,0,65,27,945,610,0,561,0,0,0,0,0,0,0,0,0,0,0,0,384,0
2014,7,"Albcontrol",23790,4077652.112,303889,,,,,,,,,,,,,,,,,,,,,,,,,,,,
2014,7,"DSNA",297680,163326553.968,13445414,15886,8026,278950,210746,1535,815,30669,24551,14351,7211,248281,186195,0,166578,0,0,0,0,2333,0,1048,2441,285,3388,470,0,71738,0
2014,8,"Belgocontrol",51426,4738886.488,566641,93,42,1402,919,93,42,1402,919,0,0,0,0,0,0,0,0,0,0,0,0,0,0,0,0,0,0,0,0
2014,8,"Oro Navigacija",22605,3858804.976,320609,,,,,,,,,,,,,,,,,,,,,,,,,,,,
2014,8,"HungaroControl",86741,19673538.572,1497665,,,,,,,,,,,,,,,,,,,,,,,,,,,,
2014,8,"MATS",9178,4212055.456,354121,,,,,,,,,,,,,,,,,,,,,,,,,,,,
2014,8,"MoldATSA",5258,808779.512,69523,,,,,,,,,,,,,,,,,,,,,,,,,,,,
2014,8,"M-NAV",20879,2770086.404,207727,,,,,,,,,,,,,,,,,,,,,,,,,,,,
2014,8,"LVNL",52024,6477545.94,829526,2437,1096,36457,25064,1847,795,26992,17837,590,301,9465,7227,0,5078,0,0,0,0,0,0,0,0,0,0,0,0,4387,0
2014,8,"ANS CR",69383,16774339.988,1350226,66,38,1130,882,66,38,1130,882,0,0,0,0,0,0,0,0,0,0,0,0,0,0,0,0,0,0,0,0
2014,8,"NAV Portugal (Continental)",46800,22975656.424,1846422,976,588,21402,17987,238,156,6954,6278,738,432,14448,11709,0,5113,0,0,0,0,0,0,0,0,0,9335,0,0,0,0
2014,8,"LFV",61312,24949449.5,2188047,363,207,10428,9121,0,0,0,0,363,207,10428,9121,0,298,0,0,0,0,0,0,0,0,0,0,8089,0,2041,0
2014,8,"SAKAERONAVIGATSIA",11230,3959609.336,285659,,,,,,,,,,,,,,,,,,,,,,,,,,,,
2014,8,"Finavia",19984,5544136.088,545681,298,167,5114,3884,298,167,5114,3884,0,0,0,0,0,0,0,0,0,0,0,0,0,0,0,0,0,0,0,0
2014,8,"Austro Control",98735,21295197.924,1793219,902,549,18546,15354,390,235,8129,6717,512,314,10417,8637,0,574,0,0,0,0,0,0,0,0,0,0,0,0,9843,0
2014,8,"DSNA",292499,161978912.832,13180239,15183,7518,260940,194365,882,449,17813,14153,14301,7069,243127,180212,0,174369,0,0,0,0,83,0,2585,1595,0,21878,9965,0,32652,0
2014,8,"NATS (Continental)",211946,76750593.26,7417735,3607,2035,78300,65048,2731,1586,63097,53502,876,449,15203,11546,0,9652,0,0,0,0,0,0,0,0,0,1410,0,0,4141,0
2014,8,"ROMATSA",68373,28825287.32,2177334,,,,,,,,,,,,,,,,,,,,,,,,,,,,
2014,8,"Skyguide",114242,21252053.732,1915365,3654,1694,56776,39588,2876,1333,44342,30887,778,361,12434,8701,0,11505,0,0,0,0,0,0,0,0,0,698,0,0,231,0
2014,8,"NAVIAIR",56028,12320222.576,1105743,36,9,384,178,36,9,384,178,0,0,0,0,0,0,0,0,0,0,0,0,0,0,0,0,0,0,0,0
2014,8,"UkSATSE",24402,13472244.36,1082972,2,2,210,210,2,2,210,210,0,0,0,0,0,0,0,0,0,0,0,0,0,0,0,0,0,0,0,0
2014,8,"NAV Portugal (Santa Maria)",12413,18914268.576,1296648,,,,,,,,,,,,,,,,,,,,,,,,,,,,
2014,8,"HCAA",94087,47659297.624,3784459,9591,5877,202885,169807,2813,1950,73311,65515,6778,3927,129574,104292,0,53555,0,0,0,0,0,301,0,0,0,75718,0,0,0,0
2014,8,"PANSA",70785,30599527.396,2480776,5441,2638,88091,63726,484,256,7849,5839,4957,2382,80242,57887,0,66613,0,0,0,0,0,870,138,0,0,3162,653,0,8806,0
2014,8,"ENAIRE",180994,92335841.832,7899138,10022,5029,185260,141300,2483,1410,53847,44276,7539,3619,131413,97024,0,111840,0,0,687,0,0,0,0,0,0,1012,7211,792,9871,0
2014,8,"Avinor (Continental)",54791,17964168.5,1963387,678,385,16122,13663,374,238,8915,7728,304,147,7207,5935,0,3054,0,0,0,0,0,0,0,0,0,416,3737,0,0,0
2014,8,"DFS",261410,84141878.96,7600767,7064,3809,142015,114127,1831,1307,52885,48288,5233,2502,89130,65839,0,10109,0,0,0,0,2573,0,516,512,0,20237,0,0,55183,0
2014,8,"ARMATS",4504,824512.252,68573,,,,,,,,,,,,,,,,,,,,,,,,,,,,
2014,8,"Croatia Control",67107,20679181.98,1606048,5053,2311,80538,56652,7,7,310,310,5046,2304,80228,56342,0,44598,0,2795,0,0,0,0,0,0,0,8163,0,0,24672,0
2014,8,"IAA",51268,20804969.82,1588964,19,5,205,100,19,5,205,100,0,0,0,0,0,0,0,0,0,0,0,0,0,0,0,0,0,0,0,0
2014,8,"MUAC",155084,43772903.404,3188226,1223,525,18865,12881,0,0,0,0,1223,525,18865,12881,0,11641,0,0,0,0,0,0,0,0,0,0,0,0,7224,0
2014,8,"SMATSA",70444,20871919.62,1574407,,,,,,,,,,,,,,,,,,,,,,,,,,,,
2014,8,"Slovenia Control",33678,4535555.408,357396,,,,,,,,,,,,,,,,,,,,,,,,,,,,
2014,8,"LGS",23935,5394035.192,438430,,,,,,,,,,,,,,,,,,,,,,,,,,,,
2014,8,"DCAC Cyprus",31290,11574192.528,885018,2718,1740,62199,53509,26,20,599,539,2692,1720,61600,52970,0,14522,0,0,0,0,35856,0,0,0,0,9029,2193,0,0,0
2014,8,"BULATSA",84563,21398893.256,1594486,,,,,,,,,,,,,,,,,,,,,,,,,,,,
2014,8,"Albcontrol",25671,4431069.272,329928,,,,,,,,,,,,,,,,,,,,,,,,,,,,
2014,8,"DHMI",134159,95324358.672,7665491,6914,4346,196200,173142,6254,4063,184989,165187,660,283,11211,7955,0,9851,0,0,0,0,0,0,1360,0,0,0,0,0,0,0
2014,8,"EANS",18915,4754182.156,377610,92,51,1579,1270,0,0,0,0,92,51,1579,1270,0,1451,0,0,0,0,0,0,0,0,0,0,0,0,128,0
2014,8,"ENAV",173313,82594764.46,6916032,220,163,7536,7085,220,163,7536,7085,0,0,0,0,0,0,0,0,0,0,0,0,0,0,0,0,0,0,0,0
2014,8,"LPS",52071,8145284.904,616301,1769,813,28175,19685,0,0,0,0,1769,813,28175,19685,0,20042,0,0,0,0,0,0,0,0,0,6210,185,0,1738,0
2014,9,"MUAC",152978,43316422.444,3152310,403,130,5180,2929,0,0,0,0,403,130,5180,2929,0,4315,0,0,0,0,0,0,0,0,0,0,0,0,865,0
2014,9,"LFV",64749,25988456.688,2327548,676,374,17697,15152,535,284,14020,11862,141,90,3677,3290,0,0,0,0,0,0,0,0,0,0,0,0,3288,0,389,0
2014,9,"HungaroControl",77655,17717735.824,1348166,,,,,,,,,,,,,,,,,,,,,,,,,,,,
2014,9,"Oro Navigacija",21110,3605899.56,301769,,,,,,,,,,,,,,,,,,,,,,,,,,,,
2014,9,"EANS",18061,4575566.016,360548,122,35,1430,769,0,0,0,0,122,35,1430,769,0,1430,0,0,0,0,0,0,0,0,0,0,0,0,0,0
2014,9,"ENAV",152872,70631988.996,5975484,286,240,15223,14866,180,145,7697,7404,106,95,7526,7462,0,0,0,0,0,7526,0,0,0,0,0,0,0,0,0,0
2014,9,"ARMATS",3930,748717.3,62013,,,,,,,,,,,,,,,,,,,,,,,,,,,,
2014,9,"NAVIAIR",56652,12313618.344,1122455,7,0,35,0,7,0,35,0,0,0,0,0,0,0,0,0,0,0,0,0,0,0,0,0,0,0,0,0
2014,9,"M-NAV",18103,2411287.332,180978,27,21,508,456,0,0,0,0,27,21,508,456,0,508,0,0,0,0,0,0,0,0,0,0,0,0,0,0
2014,9,"NAV Portugal (Santa Maria)",10902,16459540.732,1130845,,,,,,,,,,,,,,,,,,,,,,,,,,,,
2014,9,"ENAIRE",160940,81593089.888,7023557,4734,2135,83421,61433,2139,1108,43695,34951,2595,1027,39726,26482,0,25877,0,0,0,0,230,0,200,0,497,684,0,0,12238,0
2014,9,"Albcontrol",21351,3664476.468,275089,8,8,383,383,8,8,383,383,0,0,0,0,0,0,0,0,0,0,0,0,0,0,0,0,0,0,0,0
2014,9,"Skyguide",110283,20145055.92,1839948,5151,2403,86375,62887,3735,1740,64184,46999,1416,663,22191,15888,0,7290,0,0,0,0,333,0,0,0,0,5935,5651,0,2982,0
2014,9,"ANS CR",65977,15951159.324,1283086,153,79,2667,2027,90,59,1849,1599,63,20,818,428,0,386,0,0,0,0,0,0,0,0,0,432,0,0,0,0
2014,9,"MoldATSA",4503,704124.844,61810,,,,,,,,,,,,,,,,,,,,,,,,,,,,
2014,9,"SMATSA",60663,18038509.632,1363569,30,9,418,243,0,0,0,0,30,9,418,243,0,418,0,0,0,0,0,0,0,0,0,0,0,0,0,0
2014,9,"LGS",22321,5021690.592,406060,,,,,,,,,,,,,,,,,,,,,,,,,,,,
2014,9,"Croatia Control",56452,17509304.336,1353378,2262,1024,34596,23760,0,0,0,0,2262,1024,34596,23760,0,14145,0,0,0,0,0,0,0,0,0,1318,0,0,19133,0
2014,9,"DHMI",121318,86545949.048,7048526,4699,2635,93714,75975,4123,2427,85477,70483,576,208,8237,5492,0,8237,0,0,0,0,0,0,0,0,0,0,0,0,0,0
2014,9,"Slovenia Control",29666,3998480.964,317105,,,,,,,,,,,,,,,,,,,,,,,,,,,,
2014,9,"Belgocontrol",53607,5115624.032,618079,898,533,19896,16708,898,533,19896,16708,0,0,0,0,0,0,0,0,0,0,0,0,0,0,0,0,0,0,0,0
2014,9,"Avinor (Continental)",56072,18023143.588,2007532,630,403,12758,10777,563,382,11912,10274,67,21,846,503,0,634,0,0,0,0,0,0,0,0,0,0,212,0,0,0
2014,9,"DSNA",268523,145618822.648,12021957,7245,3223,117076,82130,1706,850,31965,24462,5539,2373,85111,57668,0,65185,0,0,0,0,3693,0,0,0,0,0,5187,0,11046,0
2014,9,"ROMATSA",60304,25663373.276,1944723,,,,,,,,,,,,,,,,,,,,,,,,,,,,
2014,9,"LVNL",51624,6519008.516,819680,2484,1205,41062,30207,2065,1006,34774,25595,419,199,6288,4612,0,4427,0,0,1206,0,0,0,0,0,0,0,0,0,655,0
2014,9,"IAA",49927,20250908.832,1563819,63,30,990,698,63,30,990,698,0,0,0,0,0,0,0,0,0,0,0,0,0,0,0,0,0,0,0,0
2014,9,"UkSATSE",21551,11753775.412,953538,,,,,,,,,,,,,,,,,,,,,,,,,,,,
2014,9,"PANSA",65697,28035375.984,2296867,2589,1072,37274,24438,303,139,4486,3125,2286,933,32788,21313,0,29565,0,0,0,0,0,0,0,0,0,2238,985,0,0,0
2014,9,"SAKAERONAVIGATSIA",10381,3741414.104,269053,,,,,,,,,,,,,,,,,,,,,,,,,,,,
2014,9,"DCAC Cyprus",28553,10592806.616,808816,1517,860,31940,26164,0,0,0,0,1517,860,31940,26164,0,19772,0,0,0,0,6381,0,205,0,0,5582,0,0,0,0
2014,9,"MATS",8312,4025542.388,342342,16,9,377,324,16,9,377,324,0,0,0,0,0,0,0,0,0,0,0,0,0,0,0,0,0,0,0,0
2014,9,"NAV Portugal (Continental)",41482,20268006.496,1645086,1370,639,22645,16264,811,432,14781,11457,559,207,7864,4807,0,2389,0,0,0,0,0,0,0,0,0,5475,0,0,0,0
2014,9,"BULATSA",73529,18634348.036,1382634,,,,,,,,,,,,,,,,,,,,,,,,,,,,
2014,9,"Austro Control",91154,19622521.528,1667024,429,203,6850,4916,379,185,6123,4458,50,18,727,458,0,727,0,0,0,0,0,0,0,0,0,0,0,0,0,0
2014,9,"Finavia",20754,5799812.096,581894,11,7,192,169,11,7,192,169,0,0,0,0,0,0,0,0,0,0,0,0,0,0,0,0,0,0,0,0
2014,9,"DFS",261781,84318054.164,7729488,7889,3825,132444,97507,2353,1268,42278,32721,5536,2557,90166,64786,0,28931,0,0,0,0,0,0,903,0,0,21425,839,0,38068,0
2014,9,"LPS",45551,7197418.34,551607,862,364,12856,8588,0,0,0,0,862,364,12856,8588,0,5200,0,0,0,0,5671,0,0,0,0,1358,627,0,0,0
2014,9,"NATS (Continental)",206761,73830424.48,7148430,3058,1713,65797,54780,2352,1355,54339,46331,706,358,11458,8449,0,6355,0,0,0,0,1351,0,0,0,0,3752,0,0,0,0
2014,9,"HCAA",78012,39996934.684,3204604,3545,2173,74644,62397,1252,790,29663,25530,2293,1383,44981,36867,0,18736,0,0,0,0,0,0,0,0,0,15752,5889,0,4604,0
2014,10,"LGS",20993,4916241.416,395483,1,0,11,0,1,0,11,0,0,0,0,0,0,0,0,0,0,0,0,0,0,0,0,0,0,0,0,0
2014,10,"ARMATS",3911,803084.612,65345,,,,,,,,,,,,,,,,,,,,,,,,,,,,
2014,10,"DHMI",114337,81564061.64,6759747,3065,1447,51998,38117,2871,1375,49289,36363,194,72,2709,1754,0,2695,0,0,0,0,0,0,0,0,0,0,14,0,0,0
2014,10,"SAKAERONAVIGATSIA",10254,3790853.244,276010,,,,,,,,,,,,,,,,,,,,,,,,,,,,
2014,10,"BULATSA",64239,16815837.752,1241021,,,,,,,,,,,,,,,,,,,,,,,,,,,,
2014,10,"Finavia",20794,5902585.132,583987,17,4,209,100,17,4,209,100,0,0,0,0,0,0,0,0,0,0,0,0,0,0,0,0,0,0,0,0
2014,10,"IAA",48152,18871020.672,1461832,26,19,536,469,26,19,536,469,0,0,0,0,0,0,0,0,0,0,0,0,0,0,0,0,0,0,0,0
2014,10,"LVNL",51755,6453382.896,850309,3301,1857,70735,58253,2975,1714,66059,54921,326,143,4676,3332,0,3597,0,0,0,0,0,0,0,0,0,0,0,0,1079,0
2014,10,"MUAC",151602,43190464.22,3174568,149,39,1715,914,0,0,0,0,149,39,1715,914,0,1685,0,0,0,0,0,0,0,0,0,0,30,0,0,0
2014,10,"MATS",8320,4112136.352,345242,,,,,,,,,,,,,,,,,,,,,,,,,,,,
2014,10,"PANSA",59038,25460453.34,2098977,932,408,14585,10071,272,135,4781,3614,660,273,9804,6457,0,9490,0,0,0,0,0,0,0,0,0,0,314,0,0,0
2014,10,"EANS",17063,4376770.484,352299,,,,,,,,,,,,,,,,,,,,,,,,,,,,
2014,10,"MoldATSA",3632,580011.212,52376,,,,,,,,,,,,,,,,,,,,,,,,,,,,
2014,10,"M-NAV",15434,2082748.088,157326,,,,,,,,,,,,,,,,,,,,,,,,,,,,
2014,10,"DFS",254533,81223817.756,7532670,5570,2925,117142,94758,2701,1715,74968,66514,2869,1210,42174,28244,0,16166,0,0,0,0,667,0,0,1636,0,19980,731,0,2994,0
2014,10,"ROMATSA",54236,23431583.636,1792386,,,,,,,,,,,,,,,,,,,,,,,,,,,,
2014,10,"HungaroControl",69302,15664145.624,1204583,,,,,,,,,,,,,,,,,,,,,,,,,,,,
2014,10,"NAV Portugal (Continental)",42064,20991060.632,1696018,2950,1281,46880,32255,693,392,13571,10825,2257,889,33309,21430,0,24685,0,0,0,0,0,0,404,0,0,7127,1002,0,91,0
2014,10,"NAV Portugal (Santa Maria)",10080,15468515.16,1055589,,,,,,,,,,,,,,,,,,,,,,,,,,,,
2014,10,"Belgocontrol",51534,4785849.504,572306,269,103,3586,2225,183,75,2563,1632,86,28,1023,593,0,0,0,0,0,0,0,0,0,0,0,1023,0,0,0,0
2014,10,"ENAV",134048,60811801.592,5225344,632,386,13981,11695,632,386,13981,11695,0,0,0,0,0,0,0,0,0,0,0,0,0,0,0,0,0,0,0,0
2014,10,"UkSATSE",18243,9825067.424,809937,,,,,,,,,,,,,,,,,,,,,,,,,,,,
2014,10,"Austro Control",83644,17852900.34,1544733,629,292,11589,8517,629,292,11589,8517,0,0,0,0,0,0,0,0,0,0,0,0,0,0,0,0,0,0,0,0
2014,10,"HCAA",62773,33994591.572,2709682,1005,545,18701,14731,357,225,7990,6823,648,320,10711,7908,0,5269,0,0,0,0,126,0,0,0,0,3248,2068,0,0,0
2014,10,"NATS (Continental)",198309,71768128.028,7097258,4319,2604,102948,88117,4077,2483,98769,85022,242,121,4179,3095,0,2662,0,0,0,0,0,0,0,0,0,0,0,0,1517,0
2014,10,"ANS CR",60927,14978681.532,1203809,48,27,809,582,25,13,390,262,23,14,419,320,0,419,0,0,0,0,0,0,0,0,0,0,0,0,0,0
2014,10,"Oro Navigacija",19958,3352101.48,286916,,,,,,,,,,,,,,,,,,,,,,,,,,,,
2014,10,"Croatia Control",49138,14907814.752,1152786,1,0,9,0,0,0,0,0,1,0,9,0,0,0,0,0,0,0,0,0,0,0,0,9,0,0,0,0
2014,10,"DSNA",255874,137935185.784,11569685,9160,4314,151006,109133,1738,731,29434,21002,7422,3583,121572,88131,0,40637,0,0,0,0,3553,0,46,70825,317,0,1268,0,4926,0
2014,10,"Albcontrol",17554,2969802.38,223592,,,,,,,,,,,,,,,,,,,,,,,,,,,,
2014,10,"ENAIRE",151077,78602552.516,6755788,1218,527,19870,13893,421,231,7934,6244,797,296,11936,7649,0,7514,0,0,0,0,0,0,32,31,0,12,0,0,4347,0
2014,10,"Skyguide",105760,19210973.792,1778622,3265,1380,49367,33359,2697,1155,40785,27814,568,225,8582,5545,0,3435,0,0,0,0,0,0,0,0,0,4605,0,0,542,0
2014,10,"Slovenia Control",27003,3667713.764,294316,,,,,,,,,,,,,,,,,,,,,,,,,,,,
2014,10,"NAVIAIR",57197,12510009.98,1144714,43,19,605,429,43,19,605,429,0,0,0,0,0,0,0,0,0,0,0,0,0,0,0,0,0,0,0,0
2014,10,"DCAC Cyprus",29699,11151745.772,853525,1963,1211,43320,36696,10,5,261,230,1953,1206,43059,36466,0,25633,0,0,0,0,10443,0,0,0,0,426,0,0,6557,0
2014,10,"SMATSA",52148,15256244.476,1160871,43,23,853,667,41,23,837,667,2,0,16,0,0,0,0,0,0,0,16,0,0,0,0,0,0,0,0,0
2014,10,"Avinor (Continental)",55472,17913092.192,2022816,478,259,8632,6786,342,206,6770,5619,136,53,1862,1167,0,1862,0,0,0,0,0,0,0,0,0,0,0,0,0,0
2014,10,"LFV",64269,25779164.02,2336623,82,48,1509,1239,61,40,1285,1096,21,8,224,143,0,0,0,0,0,0,161,0,0,0,0,0,63,0,0,0
2014,10,"LPS",39055,6274007.436,480852,83,31,1217,835,0,0,0,0,83,31,1217,835,0,1070,0,0,0,0,147,0,0,0,0,0,0,0,0,0
2014,11,"LFV",55219,22176992.536,2011019,173,105,5613,5005,130,90,4992,4631,43,15,621,374,0,0,0,0,0,0,85,0,0,0,0,0,536,0,0,0
2014,11,"Avinor (Continental)",48366,15872812.316,1781038,1630,675,24574,16712,1581,659,23953,16328,49,16,621,384,0,0,0,0,0,0,0,0,230,0,0,391,0,0,0,0
2014,11,"LGS",17415,4155121.272,336087,,,,,,,,,,,,,,,,,,,,,,,,,,,,
2014,11,"Slovenia Control",17088,2338648.188,189359,,,,,,,,,,,,,,,,,,,,,,,,,,,,
2014,11,"HCAA",38831,22714107.724,1797257,46,29,1157,1028,1,1,23,23,45,28,1134,1005,0,0,0,0,0,261,0,0,0,0,0,0,873,0,0,0
2014,11,"NAV Portugal (Continental)",35423,17733161.132,1424272,5519,3135,105315,84488,254,133,4684,3686,5265,3002,100631,80802,0,36308,0,0,0,0,0,0,0,0,0,59953,0,0,4370,0
2014,11,"Skyguide",80039,14080026.312,1324440,1476,693,25024,18609,1345,618,22425,16504,131,75,2599,2105,0,2599,0,0,0,0,0,0,0,0,0,0,0,0,0,0
2014,11,"M-NAV",8345,1092633.7,84183,,,,,,,,,,,,,,,,,,,,,,,,,,,,
2014,11,"MUAC",126246,36516963.716,2691406,38,12,437,225,0,0,0,0,38,12,437,225,0,258,0,0,0,0,0,0,0,0,0,0,0,0,179,0
2014,11,"Croatia Control",31552,9317243.468,717561,,,,,,,,,,,,,,,,,,,,,,,,,,,,
2014,11,"LPS",29413,4842755.908,373344,,,,,,,,,,,,,,,,,,,,,,,,,,,,
2014,11,"LVNL",43699,5418842.732,718485,2729,1325,49901,37802,2516,1246,47225,36184,213,79,2676,1618,0,1961,0,0,715,0,0,0,0,0,0,0,0,0,0,0
2014,11,"NAVIAIR",48768,10600905.412,969767,,,,,,,,,,,,,,,,,,,,,,,,,,,,
2014,11,"MATS",6419,3371423.396,289121,3,2,266,264,3,2,266,264,0,0,0,0,0,0,0,0,0,0,0,0,0,0,0,0,0,0,0,0
2014,11,"SMATSA",34474,9865448.432,766867,11,6,236,193,0,0,0,0,11,6,236,193,0,0,0,0,0,0,228,0,0,0,8,0,0,0,0,0
2014,11,"BULATSA",48427,12935519.944,958621,,,,,,,,,,,,,,,,,,,,,,,,,,,,
2014,11,"ARMATS",3568,755916.024,60219,,,,,,,,,,,,,,,,,,,,,,,,,,,,
2014,11,"NAV Portugal (Santa Maria)",9350,15509218.416,1054690,,,,,,,,,,,,,,,,,,,,,,,,,,,,
2014,11,"DCAC Cyprus",23309,8829102.568,684279,1367,827,29068,24524,0,0,0,0,1367,827,29068,24524,0,12178,0,0,0,0,3522,0,0,1110,0,5330,6928,0,0,0
2014,11,"DHMI",90658,66741816.696,5435553,2341,1057,37790,26748,2233,1031,36472,26112,108,26,1318,636,0,1318,0,0,0,0,0,0,0,0,0,0,0,0,0,0
2014,11,"PANSA",48860,21103010.328,1753284,73,26,938,559,0,0,0,0,73,26,938,559,0,938,0,0,0,0,0,0,0,0,0,0,0,0,0,0
2014,11,"SAKAERONAVIGATSIA",9793,3665085.776,267191,,,,,,,,,,,,,,,,,,,,,,,,,,,,
2014,11,"IAA",39412,15041427.292,1168765,63,38,1538,1317,63,38,1538,1317,0,0,0,0,0,0,0,0,0,0,0,0,0,0,0,0,0,0,0,0
2014,11,"ENAIRE",114661,63183102.392,5426655,1529,884,29806,24010,178,78,3545,2697,1351,806,26261,21313,0,16554,0,0,0,0,0,0,1310,485,0,0,0,0,7912,0
2014,11,"EANS",14622,3828819.244,306789,19,9,262,179,0,0,0,0,19,9,262,179,0,262,0,0,0,0,0,0,0,0,0,0,0,0,0,0
2014,11,"ENAV",102230,45369060.716,3980159,273,155,5545,4508,273,155,5545,4508,0,0,0,0,0,0,0,0,0,0,0,0,0,0,0,0,0,0,0,0
2014,11,"HungaroControl",51481,12000413.66,929926,,,,,,,,,,,,,,,,,,,,,,,,,,,,
2014,11,"Austro Control",63690,13702685.016,1210622,147,70,2958,2355,147,70,2958,2355,0,0,0,0,0,0,0,0,0,0,0,0,0,0,0,0,0,0,0,0
2014,11,"NATS (Continental)",162379,59138704.792,5873407,1691,1007,35842,29964,1598,971,34601,29216,93,36,1241,748,0,0,0,0,0,0,0,0,0,0,0,0,1241,0,0,0
2014,11,"Albcontrol",12156,2006164.184,151568,,,,,,,,,,,,,,,,,,,,,,,,,,,,
2014,11,"Finavia",18418,5245871.488,522435,2098,737,28192,17394,32,28,682,643,2066,709,27510,16751,0,0,0,0,0,0,0,0,0,27510,0,0,0,0,0,0
2014,11,"DSNA",196763,104164810.296,8840617,1926,819,35230,25866,1242,551,25232,19448,684,268,9998,6418,0,7727,0,0,0,0,0,0,575,1096,0,12,588,0,0,0
2014,11,"ANS CR",48643,12081479.404,982153,,,,,,,,,,,,,,,,,,,,,,,,,,,,
2014,11,"Belgocontrol",42391,4024792.328,487967,669,401,13546,11251,669,401,13546,11251,0,0,0,0,0,0,0,0,0,0,0,0,0,0,0,0,0,0,0,0
2014,11,"MoldATSA",3036,466222.48,44349,,,,,,,,,,,,,,,,,,,,,,,,,,,,
2014,11,"DFS",208908,65727867.068,6198701,2672,1488,54073,44134,1733,1163,41824,36861,939,325,12249,7273,0,4736,0,0,0,0,0,0,0,1955,0,4016,642,0,900,0
2014,11,"ROMATSA",43824,19240920.632,1480710,,,,,,,,,,,,,,,,,,,,,,,,,,,,
2014,11,"UkSATSE",14810,7968026.28,663673,,,,,,,,,,,,,,,,,,,,,,,,,,,,
2014,11,"Oro Navigacija",16711,2738081.992,231687,,,,,,,,,,,,,,,,,,,,,,,,,,,,
2014,12,"ANS CR",45626,11432340.44,924955,,,,,,,,,,,,,,,,,,,,,,,,,,,,
2014,12,"DSNA",196015,104231498.964,8879717,2789,1464,56220,44765,895,423,16682,12666,1894,1041,39538,32099,0,31515,0,0,333,0,19,0,3983,1342,610,1013,723,0,0,0
2014,12,"LVNL",41811,5203455.132,693777,3201,1949,82474,71395,2899,1815,77667,67973,302,134,4807,3422,0,2369,0,0,0,0,0,0,2438,0,0,0,0,0,0,0
2014,12,"Avinor (Continental)",44574,14927310.756,1685164,1055,594,23805,19924,978,546,22176,18550,77,48,1629,1374,0,0,0,0,0,0,0,0,0,0,0,1629,0,0,0,0
2014,12,"SMATSA",33700,9511486.784,744889,26,18,640,573,0,0,0,0,26,18,640,573,0,0,0,0,0,0,640,0,0,0,0,0,0,0,0,0
2014,12,"NAV Portugal (Santa Maria)",11219,18012203.824,1229337,,,,,,,,,,,,,,,,,,,,,,,,,,,,
2014,12,"DCAC Cyprus",22643,8522974.376,665076,288,145,4635,3417,0,0,0,0,288,145,4635,3417,0,3504,0,0,0,0,0,339,79,0,0,496,0,0,217,0
2014,12,"MUAC",120268,34880666.156,2581754,234,60,2654,1351,0,0,0,0,234,60,2654,1351,0,1824,0,0,0,0,0,0,0,830,0,0,0,0,0,0
2014,12,"SAKAERONAVIGATSIA",9611,3497570.524,256583,,,,,,,,,,,,,,,,,,,,,,,,,,,,
2014,12,"PANSA",47192,20549490.124,1696219,88,25,1162,660,13,3,154,71,75,22,1008,589,0,1008,0,0,0,0,0,0,0,0,0,0,0,0,0,0
2014,12,"DHMI",87571,65217491.056,5326294,5153,3127,115003,97185,5100,3109,114146,96623,53,18,857,562,0,814,0,0,0,0,0,0,0,0,0,0,43,0,0,0
2014,12,"NATS (Continental)",158965,57321318.672,5752111,2499,1649,67572,60090,2117,1342,51403,44587,382,307,16169,15503,0,0,0,0,0,0,0,0,14032,0,0,0,2137,0,0,0
2014,12,"BULATSA",45630,12192958.692,907271,,,,,,,,,,,,,,,,,,,,,,,,,,,,
2014,12,"Slovenia Control",16044,2182717.196,176583,,,,,,,,,,,,,,,,,,,,,,,,,,,,
2014,12,"ARMATS",3872,810459.276,65635,,,,,,,,,,,,,,,,,,,,,,,,,,,,
2014,12,"Finavia",17782,5073096.556,495321,,,,,,,,,,,,,,,,,,,,,,,,,,,,
2014,12,"Albcontrol",11949,1942107.208,147369,,,,,,,,,,,,,,,,,,,,,,,,,,,,
2014,12,"Skyguide",80559,13985815.072,1330561,1635,747,31730,24335,1485,651,27808,20865,150,96,3922,3470,0,3758,0,0,144,0,0,0,0,0,0,20,0,0,0,0
2014,12,"ENAV",99338,44191833.212,3864291,460,314,24051,22809,189,96,4656,3891,271,218,19395,18918,0,0,0,0,0,1173,0,0,0,0,0,0,18222,0,0,0
2014,12,"LPS",28135,4678650.188,359256,,,,,,,,,,,,,,,,,,,,,,,,,,,,
2014,12,"MATS",6301,3347530.744,297667,,,,,,,,,,,,,,,,,,,,,,,,,,,,
2014,12,"MoldATSA",3011,448434.02,43138,,,,,,,,,,,,,,,,,,,,,,,,,,,,
2014,12,"LGS",16923,4117233.056,334777,,,,,,,,,,,,,,,,,,,,,,,,,,,,
2014,12,"HCAA",37324,21957608.32,1755180,15,12,355,329,15,12,355,329,0,0,0,0,0,0,0,0,0,0,0,0,0,0,0,0,0,0,0,0
2014,12,"EANS",14017,3719780.892,299249,12,4,160,97,0,0,0,0,12,4,160,97,0,160,0,0,0,0,0,0,0,0,0,0,0,0,0,0
2014,12,"IAA",38857,14953520.26,1158071,,,,,,,,,,,,,,,,,,,,,,,,,,,,
2014,12,"ROMATSA",40840,18191364.452,1391994,,,,,,,,,,,,,,,,,,,,,,,,,,,,
2014,12,"Croatia Control",30674,9134914.068,700517,,,,,,,,,,,,,,,,,,,,,,,,,,,,
2014,12,"LFV",50652,20794511.576,1866802,73,24,1117,674,73,24,1117,674,0,0,0,0,0,0,0,0,0,0,0,0,0,0,0,0,0,0,0,0
2014,12,"ENAIRE",112435,61309578.448,5245915,585,369,15140,13282,135,107,6994,6736,450,262,8146,6546,0,7605,0,0,0,0,0,0,41,0,0,500,0,0,0,0
2014,12,"DFS",191846,60482232.636,5634033,2776,1470,69028,58124,1046,697,42134,39109,1730,773,26894,19015,0,3731,0,0,0,0,262,0,156,10201,0,5087,7457,0,0,0
2014,12,"M-NAV",7750,1007612.084,79263,,,,,,,,,,,,,,,,,,,,,,,,,,,,
2014,12,"Austro Control",59908,12804781.708,1127357,396,241,7731,6352,396,241,7731,6352,0,0,0,0,0,0,0,0,0,0,0,0,0,0,0,0,0,0,0,0
2014,12,"NAV Portugal (Continental)",37691,19324325.452,1544266,2066,1028,37239,28234,378,223,9895,8564,1688,805,27344,19670,0,20992,0,0,0,0,0,94,0,0,0,6258,0,0,0,0
2014,12,"Oro Navigacija",16425,2669878.388,232663,,,,,,,,,,,,,,,,,,,,,,,,,,,,
2014,12,"HungaroControl",48376,11225992.452,872152,,,,,,,,,,,,,,,,,,,,,,,,,,,,
2014,12,"Belgocontrol",39694,3705531.604,453455,531,314,10021,8211,424,273,8583,7358,107,41,1438,853,0,220,0,0,0,5,0,1213,0,0,0,0,0,0,0,0
2014,12,"UkSATSE",13891,7422512.272,626735,,,,,,,,,,,,,,,,,,,,,,,,,,,,
2014,12,"NAVIAIR",44877,9934290.976,908130,0,0,0,0,0,0,0,0,0,0,0,0,0,0,0,0,0,0,0,0,0,0,0,0,0,0,0,0
2015,1,"LGS",17405,4308168.7,349021,,,,,,,,,,,,,,,,,,,,,,,,,,,,
2015,1,"SAKAERONAVIGATSIA",9206,3400584.988,247711,,,,,,,,,,,,,,,,,,,,,,,,,,,,
2015,1,"ENAV",98972,43939972.324,3861320,638,465,26716,25255,632,460,26293,24841,6,5,423,414,0,0,0,0,0,423,0,0,0,0,0,0,0,0,0,0
2015,1,"Croatia Control",29094,8715834.248,669615,,,,,,,,,,,,,,,,,,,,,,,,,,,,
2015,1,"MATS",7026,4049460.968,351248,,,,,,,,,,,,,,,,,,,,,,,,,,,,
2015,1,"Austro Control",59796,12785478.312,1130668,187,101,3527,2808,187,101,3527,2808,0,0,0,0,0,0,0,0,0,0,0,0,0,0,0,0,0,0,0,0
2015,1,"ANS CR",47863,12061148.148,968579,,,,,,,,,,,,,,,,,,,,,,,,,,,,
2015,1,"Finavia",17389,4958687.404,484079,79,52,1499,1276,79,52,1499,1276,0,0,0,0,0,0,0,0,0,0,0,0,0,0,0,0,0,0,0,0
2015,1,"Slovenia Control",14911,2055875.568,170598,,,,,,,,,,,,,,,,,,,,,,,,,,,,
2015,1,"ROMATSA",41518,18541303.556,1420819,,,,,,,,,,,,,,,,,,,,,,,,,,,,
2015,1,"DCAC Cyprus",22372,8419080.88,651767,1471,798,27171,21356,0,0,0,0,1471,798,27171,21356,0,15068,0,0,0,0,61,0,0,0,0,11995,47,0,0,0
2015,1,"DSNA",192621,101166113.012,8648255,2807,1490,56740,45555,1616,902,35267,29295,1191,588,21473,16260,0,17505,0,0,2082,0,0,0,0,0,0,1097,641,0,148,0
2015,1,"MUAC",120925,35259650.176,2604959,93,37,1403,898,0,0,0,0,93,37,1403,898,0,1403,0,0,0,0,0,0,0,0,0,0,0,0,0,0
2015,1,"NATS (Continental)",156754,56764414.864,5716009,2352,1521,67855,60717,2328,1508,67443,60406,24,13,412,311,0,412,0,0,0,0,0,0,0,0,0,0,0,0,0,0
2015,1,"Albcontrol",11342,1847342.22,139874,,,,,,,,,,,,,,,,,,,,,,,,,,,,
2015,1,"MoldATSA",2866,409056.796,40230,,,,,,,,,,,,,,,,,,,,,,,,,,,,
2015,1,"HungaroControl",49062,11433983.164,884399,,,,,,,,,,,,,,,,,,,,,,,,,,,,
2015,1,"DFS",192988,60341882.52,5643590,1244,593,23411,17991,756,391,16362,13320,488,202,7049,4671,0,1576,0,0,0,0,0,0,0,2488,0,854,336,0,1795,0
2015,1,"ARMATS",3539,741342.636,59508,,,,,,,,,,,,,,,,,,,,,,,,,,,,
2015,1,"M-NAV",6897,883796.624,69358,,,,,,,,,,,,,,,,,,,,,,,,,,,,
2015,1,"LPS",29327,4904805.316,373981,,,,,,,,,,,,,,,,,,,,,,,,,,,,
2015,1,"HCAA",36587,20826303.008,1663526,0,0,0,0,0,0,0,0,0,0,0,0,0,0,0,0,0,0,0,0,0,0,0,0,0,0,0,0
2015,1,"IAA",37380,14408998.924,1122771,12,7,265,219,12,7,265,219,0,0,0,0,0,0,0,0,0,0,0,0,0,0,0,0,0,0,0,0
2015,1,"PANSA",48737,21324826.22,1742988,150,56,2149,1331,0,0,0,0,150,56,2149,1331,0,1115,0,0,0,0,0,0,0,0,0,1034,0,0,0,0
2015,1,"EANS",14161,3740506.624,300539,6,0,46,0,0,0,0,0,6,0,46,0,0,46,0,0,0,0,0,0,0,0,0,0,0,0,0,0
2015,1,"NAVIAIR",46659,10340729.044,945344,85,36,1186,775,85,36,1186,775,0,0,0,0,0,0,0,0,0,0,0,0,0,0,0,0,0,0,0,0
2015,1,"NAV Portugal (Santa Maria)",10650,18583990.304,1259068,,,,,,,,,,,,,,,,,,,,,,,,,,,,
2015,1,"UkSATSE",13692,7347826.668,620854,,,,,,,,,,,,,,,,,,,,,,,,,,,,
2015,1,"BULATSA",46447,12491786.3,926115,,,,,,,,,,,,,,,,,,,,,,,,,,,,
2015,1,"LVNL",41111,5072261.304,687938,3328,2058,91294,80329,3156,1982,88794,78519,172,76,2500,1810,0,2500,0,0,0,0,0,0,0,0,0,0,0,0,0,0
2015,1,"DHMI",87403,65376933.44,5301103,4577,2731,100376,84489,4561,2723,100107,84289,16,8,269,200,0,269,0,0,0,0,0,0,0,0,0,0,0,0,0,0
2015,1,"Belgocontrol",40502,3793264.548,469055,395,236,8412,7085,395,236,8412,7085,0,0,0,0,0,0,0,0,0,0,0,0,0,0,0,0,0,0,0,0
2015,1,"LFV",50678,20642047.528,1852154,143,46,1821,968,142,46,1811,968,1,0,10,0,0,0,0,0,0,0,10,0,0,0,0,0,0,0,0,0
2015,1,"ENAIRE",110644,60082013.584,5167685,294,116,4470,2904,54,28,1073,857,240,88,3397,2047,0,3284,0,0,0,0,0,0,113,0,0,0,0,0,0,0
2015,1,"Avinor (Continental)",45852,15228442.252,1726289,613,307,10686,8126,544,271,9547,7265,69,36,1139,861,0,279,0,0,0,0,0,0,193,0,0,667,0,0,0,0
2015,1,"SMATSA",32748,9318076.868,727289,1,0,7,0,0,0,0,0,1,0,7,0,0,0,0,0,0,0,7,0,0,0,0,0,0,0,0,0
2015,1,"NAV Portugal (Continental)",38226,19715899.368,1565199,857,421,16432,12829,394,249,10065,8922,463,172,6367,3907,0,6189,0,0,0,0,0,0,72,0,0,0,106,0,0,0
2015,1,"Skyguide",82288,14189192.452,1364061,2149,1021,37494,28195,1936,913,33873,25465,213,108,3621,2730,0,2843,0,0,0,0,0,0,0,706,0,72,0,0,0,0
2015,1,"Oro Navigacija",16286,2624859.972,231314,,,,,,,,,,,,,,,,,,,,,,,,,,,,
2015,2,"MoldATSA",2461,360252.892,34137,,,,,,,,,,,,,,,,,,,,,,,,,,,,
2015,2,"Oro Navigacija",14360,2293396.42,205517,,,,,,,,,,,,,,,,,,,,,,,,,,,,
2015,2,"NAVIAIR",44956,9860103.56,903872,,,,,,,,,,,,,,,,,,,,,,,,,,,,
2015,2,"Austro Control",55051,11635138.144,1029810,177,121,5179,4683,177,121,5179,4683,0,0,0,0,0,0,0,0,0,0,0,0,0,0,0,0,0,0,0,0
2015,2,"MUAC",115624,33658236.888,2481353,360,108,4372,2248,0,0,0,0,360,108,4372,2248,0,3782,0,0,0,0,0,0,0,0,0,590,0,0,0,0
2015,2,"Belgocontrol",39179,3681411.156,453687,339,170,5880,4445,339,170,5880,4445,0,0,0,0,0,0,0,0,0,0,0,0,0,0,0,0,0,0,0,0
2015,2,"HCAA",32764,18783265.504,1490431,19,5,228,106,0,0,0,0,19,5,228,106,0,0,0,0,0,0,0,0,0,0,0,0,228,0,0,0
2015,2,"Finavia",16960,4842542.928,481975,36,30,923,878,36,30,923,878,0,0,0,0,0,0,0,0,0,0,0,0,0,0,0,0,0,0,0,0
2015,2,"Avinor (Continental)",43836,14519470.724,1658433,275,154,4535,3509,275,154,4535,3509,0,0,0,0,0,0,0,0,0,0,0,0,0,0,0,0,0,0,0,0
2015,2,"Slovenia Control",13636,1852861.18,156696,,,,,,,,,,,,,,,,,,,,,,,,,,,,
2015,2,"ROMATSA",37433,16703036.136,1285402,,,,,,,,,,,,,,,,,,,,,,,,,,,,
2015,2,"Albcontrol",10210,1688507.292,127123,,,,,,,,,,,,,,,,,,,,,,,,,,,,
2015,2,"DSNA",183382,96552058.732,8218226,3098,1503,61882,48111,1458,791,33511,27752,1640,712,28371,20359,0,27594,0,0,0,0,0,0,0,0,0,0,38,0,739,0
2015,2,"LGS",15682,3889590.772,315357,,,,,,,,,,,,,,,,,,,,,,,,,,,,
2015,2,"Skyguide",76979,13204474.792,1257442,2455,1221,50839,40521,2164,1133,47033,38458,291,88,3806,2063,0,2630,0,0,0,0,0,0,0,1176,0,0,0,0,0,0
2015,2,"BULATSA",41723,11194117.68,824312,,,,,,,,,,,,,,,,,,,,,,,,,,,,
2015,2,"EANS",12760,3337944.792,268123,8,1,76,19,0,0,0,0,8,1,76,19,0,76,0,0,0,0,0,0,0,0,0,0,0,0,0,0
2015,2,"NATS (Continental)",151707,54535577.312,5454440,1782,1041,39813,33502,1513,892,34874,29675,269,149,4939,3827,0,3738,0,0,0,0,0,0,0,0,0,1175,26,0,0,0
2015,2,"UkSATSE",12148,6142591.368,524531,6,4,225,208,6,4,225,208,0,0,0,0,0,0,0,0,0,0,0,0,0,0,0,0,0,0,0,0
2015,2,"ENAV",91875,40186636.896,3523857,477,305,13164,11772,463,294,12641,11260,14,11,523,512,0,0,0,0,0,523,0,0,0,0,0,0,0,0,0,0
2015,2,"DHMI",78106,58231989.668,4685431,3842,2262,120031,105895,3831,2262,119958,105895,11,0,73,0,0,73,0,0,0,0,0,0,0,0,0,0,0,0,0,0
2015,2,"LVNL",39842,4877717.964,642939,2202,1053,34839,24812,1933,941,31322,22549,269,112,3517,2263,0,3168,0,0,0,0,0,0,0,0,0,0,0,0,349,0
2015,2,"DCAC Cyprus",19806,7429761,576487,1203,633,21450,16525,0,0,0,0,1203,633,21450,16525,0,8901,0,0,0,0,2158,0,0,0,0,10391,0,0,0,0
2015,2,"ARMATS",3144,657300.728,52664,,,,,,,,,,,,,,,,,,,,,,,,,,,,
2015,2,"NAV Portugal (Santa Maria)",9727,16391318.608,1117747,,,,,,,,,,,,,,,,,,,,,,,,,,,,
2015,2,"ENAIRE",103722,55382126.512,4790838,552,232,8463,5806,214,118,4152,3394,338,114,4311,2412,0,1988,0,0,0,0,0,0,0,1998,0,325,0,0,0,0
2015,2,"PANSA",43874,19056605.888,1562614,273,112,4305,2865,0,0,0,0,273,112,4305,2865,0,2912,0,0,0,0,0,0,0,0,0,427,966,0,0,0
2015,2,"ANS CR",43945,10942527.184,877028,,,,,,,,,,,,,,,,,,,,,,,,,,,,
2015,2,"NAV Portugal (Continental)",34424,17757735.32,1411208,441,189,6590,4510,226,116,3901,3022,215,73,2689,1488,0,2580,0,0,0,0,0,0,109,0,0,0,0,0,0,0
2015,2,"SAKAERONAVIGATSIA",8386,3137167.62,226701,,,,,,,,,,,,,,,,,,,,,,,,,,,,
2015,2,"HungaroControl",44118,10183233.112,785592,,,,,,,,,,,,,,,,,,,,,,,,,,,,
2015,2,"Croatia Control",26695,8091193.54,616523,,,,,,,,,,,,,,,,,,,,,,,,,,,,
2015,2,"M-NAV",5927,770217.168,60428,,,,,,,,,,,,,,,,,,,,,,,,,,,,
2015,2,"DFS",185052,57944162.94,5465700,2003,993,36081,27895,1262,684,25032,20278,741,309,11049,7617,0,2116,0,0,0,0,0,0,0,0,0,8540,0,0,393,0
2015,2,"LFV",50044,20291323.176,1850408,115,73,2383,1992,112,72,2350,1976,3,1,33,16,0,0,0,0,0,0,33,0,0,0,0,0,0,0,0,0
2015,2,"SMATSA",29941,8416363.996,653451,,,,,,,,,,,,,,,,,,,,,,,,,,,,
2015,2,"MATS",6478,3681818.596,311407,,,,,,,,,,,,,,,,,,,,,,,,,,,,
2015,2,"LPS",26366,4304549.892,334834,,,,,,,,,,,,,,,,,,,,,,,,,,,,
2015,2,"IAA",35606,13582427.248,1063851,108,78,3117,2861,108,78,3117,2861,0,0,0,0,0,0,0,0,0,0,0,0,0,0,0,0,0,0,0,0
2015,3,"Slovenia Control",17004,2317150.172,191022,,,,,,,,,,,,,,,,,,,,,,,,,,,,
2015,3,"ENAV",108664,47831487.324,4203718,272,153,8649,7696,270,152,8621,7677,2,1,28,19,0,0,0,0,0,28,0,0,0,0,0,0,0,0,0,0
2015,3,"SAKAERONAVIGATSIA",9641,3598315.62,259587,,,,,,,,,,,,,,,,,,,,,,,,,,,,
2015,3,"MoldATSA",2924,452499.16,41618,,,,,,,,,,,,,,,,,,,,,,,,,,,,
2015,3,"HCAA",39644,22641609.332,1796069,17,9,351,284,17,9,351,284,0,0,0,0,0,0,0,0,0,0,0,0,0,0,0,0,0,0,0,0
2015,3,"Oro Navigacija",17132,2799533.204,248490,,,,,,,,,,,,,,,,,,,,,,,,,,,,
2015,3,"Albcontrol",11984,1988622.04,149371,,,,,,,,,,,,,,,,,,,,,,,,,,,,
2015,3,"MUAC",133052,38745986.468,2852361,752,311,11987,8211,0,0,0,0,752,311,11987,8211,0,5129,0,0,0,0,0,0,0,0,0,258,0,0,6600,0
2015,3,"DHMI",93583,69683961.308,5560556,3176,1614,57790,44372,3162,1608,57618,44258,14,6,172,114,0,172,0,0,0,0,0,0,0,0,0,0,0,0,0,0
2015,3,"ARMATS",3546,742748.304,59470,,,,,,,,,,,,,,,,,,,,,,,,,,,,
2015,3,"UkSATSE",14102,7302804.548,607238,,,,,,,,,,,,,,,,,,,,,,,,,,,,
2015,3,"LGS",18292,4464773.82,361970,,,,,,,,,,,,,,,,,,,,,,,,,,,,
2015,3,"Croatia Control",31934,9614922.836,735319,,,,,,,,,,,,,,,,,,,,,,,,,,,,
2015,3,"SMATSA",35593,10119766.924,781522,,,,,,,,,,,,,,,,,,,,,,,,,,,,
2015,3,"BULATSA",49806,13298728.628,976788,,,,,,,,,,,,,,,,,,,,,,,,,,,,
2015,3,"ENAIRE",123004,65532592.188,5654498,331,165,5611,4215,106,66,2349,2016,225,99,3262,2199,0,2877,0,0,0,0,0,0,0,385,0,0,0,0,0,0
2015,3,"Belgocontrol",45932,4332113.208,531815,376,162,5781,3905,376,162,5781,3905,0,0,0,0,0,0,0,0,0,0,0,0,0,0,0,0,0,0,0,0
2015,3,"IAA",41521,16105784.656,1256674,38,16,594,432,38,16,594,432,0,0,0,0,0,0,0,0,0,0,0,0,0,0,0,0,0,0,0,0
2015,3,"LVNL",45885,5619075.416,753281,4412,2798,151143,136978,4322,2763,149975,136230,90,35,1168,748,0,1168,0,0,0,0,0,0,0,0,0,0,0,0,0,0
2015,3,"ANS CR",52076,12949111.772,1042359,,,,,,,,,,,,,,,,,,,,,,,,,,,,
2015,3,"M-NAV",7398,961013.912,74325,,,,,,,,,,,,,,,,,,,,,,,,,,,,
2015,3,"DFS",216526,67797162.228,6400283,2055,958,37872,28818,1106,551,21811,17136,949,407,16061,11682,0,3614,0,0,0,0,0,0,0,0,0,9588,0,368,2491,0
2015,3,"LPS",31181,5050700.32,390113,,,,,,,,,,,,,,,,,,,,,,,,,,,,
2015,3,"DSNA",216855,114206004.268,9775169,3037,1562,56512,43733,390,189,9858,8055,2647,1373,46654,35678,0,38953,0,0,177,0,607,0,0,6044,0,0,49,0,824,0
2015,3,"Skyguide",89733,15534107.444,1494296,2486,1010,36763,24239,1844,744,27234,18033,642,266,9529,6206,0,2781,0,0,0,0,261,0,0,4536,0,1951,0,0,0,0
2015,3,"Avinor (Continental)",49916,16291549.516,1843147,392,288,16453,15551,383,284,16264,15404,9,4,189,147,0,7,0,182,0,0,0,0,0,0,0,0,0,0,0,0
2015,3,"LFV",58410,23661085.328,2144146,25,14,599,494,25,14,599,494,0,0,0,0,0,0,0,0,0,0,0,0,0,0,0,0,0,0,0,0
2015,3,"HungaroControl",52357,12027945.492,926768,,,,,,,,,,,,,,,,,,,,,,,,,,,,
2015,3,"Austro Control",65145,13776194.6,1218498,267,145,4765,3702,189,118,3751,3123,78,27,1014,579,0,0,0,0,0,1014,0,0,0,0,0,0,0,0,0,0
2015,3,"DCAC Cyprus",24018,9080196.728,701874,3042,1772,66762,55682,0,0,0,0,3042,1772,66762,55682,0,17561,0,0,0,0,5470,0,2339,5840,0,29626,5926,0,0,0
2015,3,"NAV Portugal (Santa Maria)",11458,18977747.728,1278281,,,,,,,,,,,,,,,,,,,,,,,,,,,,
2015,3,"PANSA",51341,22499857.252,1826677,341,122,4869,2987,9,2,99,64,332,120,4770,2923,0,4770,0,0,0,0,0,0,0,0,0,0,0,0,0,0
2015,3,"NAVIAIR",52408,11492061.884,1053565,,,,,,,,,,,,,,,,,,,,,,,,,,,,
2015,3,"NATS (Continental)",174238,62783105.58,6303742,2415,1470,54131,46028,2385,1462,53579,45677,30,8,552,351,0,0,0,0,0,0,0,0,25,0,0,527,0,0,0,0
2015,3,"NAV Portugal (Continental)",38969,19869733.896,1578076,709,323,11775,8490,209,129,4891,4261,500,194,6884,4229,0,6859,0,0,0,0,0,0,0,0,0,25,0,0,0,0
2015,3,"Finavia",19553,5650540.896,561284,,,,,,,,,,,,,,,,,,,,,,,,,,,,
2015,3,"ROMATSA",43980,19445127.708,1479536,,,,,,,,,,,,,,,,,,,,,,,,,,,,
2015,3,"EANS",14933,3892031.708,313047,4,0,40,0,0,0,0,0,4,0,40,0,0,40,0,0,0,0,0,0,0,0,0,0,0,0,0,0
2015,3,"MATS",7761,4446414.944,374221,,,,,,,,,,,,,,,,,,,,,,,,,,,,
2015,4,"HungaroControl",59463,13618963.504,1057317,,,,,,,,,,,,,,,,,,,,,,,,,,,,
2015,4,"SAKAERONAVIGATSIA",9516,3555156.612,255797,,,,,,,,,,,,,,,,,,,,,,,,,,,,
2015,4,"Albcontrol",15384,2578269.208,195413,,,,,,,,,,,,,,,,,,,,,,,,,,,,
2015,4,"MATS",8803,4640276.748,396889,,,,,,,,,,,,,,,,,,,,,,,,,,,,
2015,4,"IAA",47140,18652197.612,1456358,,,,,,,,,,,,,,,,,,,,,,,,,,,,
2015,4,"LVNL",48920,6094457.888,785377,3050,1649,70402,58246,2950,1596,68714,56936,100,53,1688,1310,0,720,0,0,0,0,0,0,0,968,0,0,0,0,0,0
2015,4,"Oro Navigacija",18372,3029142.312,270365,,,,,,,,,,,,,,,,,,,,,,,,,,,,
2015,4,"MoldATSA",3288,502643.912,46857,,,,,,,,,,,,,,,,,,,,,,,,,,,,
2015,4,"Finavia",18901,5250049.6,522027,88,61,1955,1712,88,61,1955,1712,0,0,0,0,0,0,0,0,0,0,0,0,0,0,0,0,0,0,0,0
2015,4,"ANS CR",56852,13859871.664,1121902,,,,,,,,,,,,,,,,,,,,,,,,,,,,
2015,4,"LPS",34057,5395963.124,417034,,,,,,,,,,,,,,,,,,,,,,,,,,,,
2015,4,"Austro Control",71931,15310909.96,1343496,523,240,7985,5496,523,240,7985,5496,0,0,0,0,0,0,0,0,0,0,0,0,0,0,0,0,0,0,0,0
2015,4,"DFS",232478,73145819.716,6826295,2783,1375,48725,36708,733,354,12828,9588,2050,1021,35897,27120,0,5571,0,0,341,0,301,0,23611,2799,0,1750,0,148,1376,0
2015,4,"ENAV",128138,57039166.472,4952761,230,179,7229,6817,230,179,7229,6817,0,0,0,0,0,0,0,0,0,0,0,0,0,0,0,0,0,0,0,0
2015,4,"Avinor (Continental)",49906,16256255.952,1817170,113,46,1564,1008,41,11,491,218,72,35,1073,790,0,1073,0,0,0,0,0,0,0,0,0,0,0,0,0,0
2015,4,"NAV Portugal (Continental)",42431,21071611.52,1700096,649,246,9467,6033,184,94,3084,2329,465,152,6383,3704,0,5896,0,0,0,0,0,0,0,0,0,124,363,0,0,0
2015,4,"Skyguide",98160,17475368.288,1619468,2545,1176,41041,29440,2230,1023,35061,24862,315,153,5980,4578,0,4310,0,0,0,0,0,0,0,1670,0,0,0,0,0,0
2015,4,"DHMI",102606,74853935.984,6080062,5810,3188,125368,102658,5779,3180,124944,102451,31,8,424,207,0,424,0,0,0,0,0,0,0,0,0,0,0,0,0,0
2015,4,"DSNA",238937,127998177.924,10747503,13304,8436,516035,473808,1031,598,33351,29596,12273,7838,482684,444212,0,84874,0,0,0,377641,213,0,508,7244,0,8822,1562,0,1820,0
2015,4,"NAVIAIR",53445,11596027.608,1061964,74,39,1169,831,74,39,1169,831,0,0,0,0,0,0,0,0,0,0,0,0,0,0,0,0,0,0,0,0
2015,4,"SMATSA",43183,12345183.832,948228,25,15,552,472,1,1,19,19,24,14,533,453,0,0,0,0,0,0,0,0,0,0,0,0,533,0,0,0
2015,4,"Croatia Control",39661,12227665.172,944754,38,12,490,256,5,1,46,16,33,11,444,240,0,131,0,0,0,0,0,0,0,0,0,0,0,0,313,0
2015,4,"BULATSA",56729,14968825.188,1110033,,,,,,,,,,,,,,,,,,,,,,,,,,,,
2015,4,"ARMATS",3333,662406.692,54629,,,,,,,,,,,,,,,,,,,,,,,,,,,,
2015,4,"HCAA",50443,27269177.656,2203755,8,2,94,45,8,2,94,45,0,0,0,0,0,0,0,0,0,0,0,0,0,0,0,0,0,0,0,0
2015,4,"M-NAV",9197,1204187.068,92790,,,,,,,,,,,,,,,,,,,,,,,,,,,,
2015,4,"NATS (Continental)",183599,66028192.944,6515183,2134,992,37780,28604,2026,944,36148,27474,108,48,1632,1130,0,121,0,0,0,0,0,0,0,0,0,1511,0,0,0,0
2015,4,"ROMATSA",48370,20911154.24,1604672,,,,,,,,,,,,,,,,,,,,,,,,,,,,
2015,4,"LGS",19895,4773585.56,392050,,,,,,,,,,,,,,,,,,,,,,,,,,,,
2015,4,"ENAIRE",143556,74762593.492,6460549,2104,1130,45709,37517,1128,591,22366,17765,976,539,23343,19752,0,7965,0,0,0,0,0,0,14691,0,0,0,0,0,687,0
2015,4,"DCAC Cyprus",26686,9995475.5,769634,5358,3259,119437,101109,0,0,0,0,5358,3259,119437,101109,0,48483,0,0,0,0,5406,0,422,0,0,65126,0,0,0,0
2015,4,"Belgocontrol",49423,4641102.74,569609,820,506,16449,13792,752,464,15324,12865,68,42,1125,927,0,0,0,0,0,0,0,0,0,0,0,1125,0,0,0,0
2015,4,"PANSA",54525,23960487.056,1954658,380,168,5912,4170,26,13,453,351,354,155,5459,3819,0,5459,0,0,0,0,0,0,0,0,0,0,0,0,0,0
2015,4,"NAV Portugal (Santa Maria)",11371,18034811.188,1229151,,,,,,,,,,,,,,,,,,,,,,,,,,,,
2015,4,"EANS",15525,4056970.828,327704,,,,,,,,,,,,,,,,,,,,,,,,,,,,
2015,4,"LFV",59357,23722268,2147480,151,46,1775,952,28,7,280,133,123,39,1495,819,0,0,0,0,0,0,166,0,111,0,0,0,0,0,1218,0
2015,4,"MUAC",141972,40870447.152,3011174,4181,1342,53988,30753,0,0,0,0,4181,1342,53988,30753,0,27940,0,0,0,0,16965,0,7348,0,0,0,0,0,1735,0
2015,4,"UkSATSE",16001,8421975.556,695544,,,,,,,,,,,,,,,,,,,,,,,,,,,,
2015,4,"Slovenia Control",20156,2757192.78,225447,,,,,,,,,,,,,,,,,,,,,,,,,,,,
2015,5,"EANS",17351,4470042.76,361260,8,2,75,32,0,0,0,0,8,2,75,32,0,75,0,0,0,0,0,0,0,0,0,0,0,0,0,0
2015,5,"LGS",21971,5143098.452,417341,,,,,,,,,,,,,,,,,,,,,,,,,,,,
2015,5,"MUAC",153505,43909842.136,3213509,6836,2424,92797,55287,0,0,0,0,6836,2424,92797,55287,0,72808,0,0,0,0,6412,0,66,0,0,1600,0,0,11911,0
2015,5,"ENAIRE",158077,79987676.28,6940031,4013,2028,79797,62957,2226,1272,51725,43609,1787,756,28072,19348,0,25013,0,0,461,0,0,0,0,0,0,415,0,0,2183,0
2015,5,"ARMATS",3252,633811.812,52563,,,,,,,,,,,,,,,,,,,,,,,,,,,,
2015,5,"DCAC Cyprus",27626,10289295.3,795324,4280,2294,81238,63929,18,7,255,148,4262,2287,80983,63781,0,21227,0,0,0,0,2342,0,0,0,0,57317,0,0,97,0
2015,5,"NAV Portugal (Continental)",40904,20181816.268,1630616,1686,728,28074,19820,365,206,7983,6675,1321,522,20091,13145,0,15274,0,0,0,0,0,0,0,0,0,4817,0,0,0,0
2015,5,"PANSA",61352,26217630.576,2160378,1131,484,16646,10997,65,32,1154,865,1066,452,15492,10132,0,13669,0,0,0,0,0,0,621,0,0,592,391,0,219,0
2015,5,"NAV Portugal (Santa Maria)",12294,18613464.884,1264154,,,,,,,,,,,,,,,,,,,,,,,,,,,,
2015,5,"DSNA",269385,145890375.852,12203518,9423,4127,146399,101119,684,309,13748,10672,8739,3818,132651,90447,0,99198,0,0,0,0,41,0,177,26386,0,2335,159,0,4355,0
2015,5,"HungaroControl",72541,16177429.276,1239607,,,,,,,,,,,,,,,,,,,,,,,,,,,,
2015,5,"ENAV",144616,64679196.144,5569650,2127,1360,59067,52389,1818,1117,45355,39194,309,243,13712,13195,0,0,0,0,0,0,0,0,17,0,0,0,13695,0,0,0
2015,5,"Avinor (Continental)",52299,17170716.14,1894619,355,212,8004,6697,203,129,5444,4749,152,83,2560,1948,0,2560,0,0,0,0,0,0,0,0,0,0,0,0,0,0
2015,5,"Oro Navigacija",20374,3382659.48,287039,,,,,,,,,,,,,,,,,,,,,,,,,,,,
2015,5,"DHMI",118721,84695712.152,6804395,8511,5081,205191,175100,8496,5070,204831,174757,15,11,360,343,0,360,0,0,0,0,0,0,0,0,0,0,0,0,0,0
2015,5,"MoldATSA",4032,635326.748,57477,,,,,,,,,,,,,,,,,,,,,,,,,,,,
2015,5,"Finavia",20399,5559066.912,546151,653,294,9610,6419,653,294,9610,6419,0,0,0,0,0,0,0,0,0,0,0,0,0,0,0,0,0,0,0,0
2015,5,"IAA",50074,19747283.36,1523859,6,3,99,82,6,3,99,82,0,0,0,0,0,0,0,0,0,0,0,0,0,0,0,0,0,0,0,0
2015,5,"M-NAV",14605,1950441.208,147909,,,,,,,,,,,,,,,,,,,,,,,,,,,,
2015,5,"LFV",63072,25376744.792,2269534,290,128,4147,2737,73,35,1184,833,217,93,2963,1904,0,0,0,0,0,0,0,0,0,0,0,0,0,0,2963,0
2015,5,"Austro Control",83560,17893340.612,1548534,1222,642,22058,17096,655,338,12225,9461,567,304,9833,7635,0,0,0,0,0,0,0,0,0,0,0,6256,0,0,3577,0
2015,5,"Belgocontrol",53188,4990914.056,604168,2487,1541,66884,58670,622,390,13899,11846,1865,1151,52985,46824,0,65,0,0,0,0,0,0,0,0,0,0,52920,0,0,0
2015,5,"SMATSA",56362,16474954.928,1256914,4,3,129,117,0,0,0,0,4,3,129,117,0,0,0,0,0,0,129,0,0,0,0,0,0,0,0,0
2015,5,"ROMATSA",56144,23876626.644,1812616,,,,,,,,,,,,,,,,,,,,,,,,,,,,
2015,5,"Slovenia Control",25876,3550606.248,285194,,,,,,,,,,,,,,,,,,,,,,,,,,,,
2015,5,"BULATSA",69239,18011868.612,1339124,121,42,1618,948,0,0,0,0,121,42,1618,948,0,0,0,0,0,0,0,0,0,0,0,0,0,0,1618,0
2015,5,"HCAA",66506,34349034.74,2763783,1788,1034,34138,27562,780,459,15867,13127,1008,575,18271,14435,0,14083,0,0,0,0,0,0,0,0,0,4188,0,0,0,0
2015,5,"ANS CR",66048,16009063.956,1287797,47,9,453,153,0,0,0,0,47,9,453,153,0,0,0,0,0,0,453,0,0,0,0,0,0,0,0,0
2015,5,"MATS",8937,4383009.872,389907,,,,,,,,,,,,,,,,,,,,,,,,,,,,
2015,5,"LPS",41877,6556339.28,500803,235,109,3823,2637,0,0,0,0,235,109,3823,2637,0,2810,0,0,0,0,0,0,0,0,0,0,0,0,1013,0
2015,5,"LVNL",53066,6632419.44,850030,2561,1202,39529,27994,2010,908,29933,20226,551,294,9596,7768,0,7339,0,0,535,0,0,0,0,368,0,0,0,0,1354,0
2015,5,"NATS (Continental)",202998,72849840.484,7180815,3211,2092,92207,83142,2993,1989,88173,80093,218,103,4034,3049,0,1502,0,0,0,0,0,0,0,0,0,0,0,0,2532,0
2015,5,"UkSATSE",19490,10502964.244,848669,,,,,,,,,,,,,,,,,,,,,,,,,,,,
2015,5,"DFS",255768,81011561.888,7448430,3651,1460,53798,35465,1039,505,17170,12651,2612,955,36628,22814,0,9108,0,0,0,0,5354,0,0,8831,0,1255,0,0,12080,0
2015,5,"Croatia Control",51762,16046944.764,1246397,1317,564,19473,12948,0,0,0,0,1317,564,19473,12948,0,13458,0,0,0,0,0,0,0,0,0,699,0,0,5316,0
2015,5,"NAVIAIR",55905,12140645.248,1097502,,,,,,,,,,,,,,,,,,,,,,,,,,,,
2015,5,"Albcontrol",19008,3249848.856,247558,,,,,,,,,,,,,,,,,,,,,,,,,,,,
2015,5,"Skyguide",108710,19773033.568,1800059,2876,1299,43357,29965,2658,1210,40258,27962,218,89,3099,2003,0,1661,0,0,14,0,0,0,0,0,0,361,0,0,1063,0
2015,5,"SAKAERONAVIGATSIA",10014,3502876.504,253989,,,,,,,,,,,,,,,,,,,,,,,,,,,,